angle_deg,distance_mm,quality,rotation
0.00,196.0,13,0
4.50,196.2,12,0
9.00,194.2,18,0
13.50,192.2,14,0
18.00,0.0,0,0
22.50,0.0,0,0
27.00,0.0,0,0
31.50,0.0,0,0
36.00,0.0,0,0
40.50,0.0,0,0
45.00,0.0,0,0
49.50,0.0,0,0
54.00,0.0,0,0
58.50,704.5,228,0
63.00,704.5,201,0
67.50,704.5,179,0
72.00,704.5,162,0
76.50,704.5,147,0
81.00,704.5,134,0
85.50,704.5,106,0
90.00,704.5,77,0
94.50,704.5,64,0
99.00,704.5,51,0
103.50,704.5,36,0
108.00,704.2,52,0
112.50,704.2,42,0
117.00,896.2,60,0
121.50,896.5,77,0
126.00,896.5,105,0
130.50,896.5,134,0
135.00,896.5,157,0
139.50,896.5,186,0
144.00,896.5,205,0
148.50,896.5,216,0
153.00,896.2,137,0
157.50,0.0,0,0
162.00,896.0,219,0
166.50,896.0,210,0
171.00,960.0,62,0
175.50,960.0,35,0
180.00,960.0,162,0
184.50,960.2,116,0
189.00,960.0,176,0
193.50,960.2,233,0
198.00,960.2,215,0
202.50,1024.2,60,0
207.00,1024.0,101,0
211.50,1024.0,80,0
216.00,1024.0,184,0
220.50,1024.2,181,0
225.00,1088.0,14,0
229.50,1088.0,32,0
234.00,1088.0,117,0
238.50,1152.2,47,0
243.00,1152.2,135,0
247.50,1152.2,223,0
252.00,1216.2,34,0
256.50,1216.2,110,0
261.00,1216.2,183,0
265.50,1280.2,21,0
270.00,1088.2,239,0
274.50,1280.0,66,0
279.00,1280.0,9,0
283.50,1216.0,200,0
288.00,0.0,0,0
292.50,0.0,0,0
297.00,0.0,0,0
301.50,13.2,226,0
306.00,3.5,228,0
310.50,5.2,218,0
315.00,0.0,0,0
319.50,7.8,213,0
324.00,0.0,0,0
328.50,0.0,0,0
333.00,0.0,0,0
337.50,5.2,192,0
342.00,0.0,0,0
346.50,0.0,0,0
351.00,7.5,185,0
355.50,0.0,0,0
0.00,8.5,182,1
0.90,0.0,0,1
1.80,0.0,0,1
2.70,2.8,199,1
3.60,0.0,0,1
4.50,12.5,129,1
5.40,0.0,0,1
6.30,14.8,128,1
7.20,0.0,0,1
8.10,0.0,0,1
9.00,0.0,0,1
9.90,0.0,0,1
10.80,0.0,0,1
11.70,0.0,0,1
12.60,0.0,0,1
13.50,0.0,0,1
14.40,0.0,0,1
15.30,16.8,122,1
16.20,0.0,0,1
17.10,0.0,0,1
18.00,0.0,0,1
18.90,0.0,0,1
19.80,0.0,0,1
20.70,0.0,0,1
21.60,0.0,0,1
22.50,0.0,0,1
23.40,0.0,0,1
24.30,0.0,0,1
25.20,0.0,0,1
26.10,0.0,0,1
27.00,0.0,0,1
27.90,0.0,0,1
28.80,0.0,0,1
29.70,0.0,0,1
30.60,0.0,0,1
31.50,0.0,0,1
32.40,0.0,0,1
33.30,0.0,0,1
34.20,0.0,0,1
35.10,0.0,0,1
36.00,0.0,0,1
36.90,0.0,0,1
37.80,69.0,34,1
38.70,68.0,30,1
39.60,0.0,0,1
40.50,68.5,26,1
41.40,68.0,26,1
42.30,0.0,0,1
43.20,66.8,26,1
44.10,0.0,0,1
45.00,0.0,0,1
45.90,0.0,0,1
46.80,66.5,33,1
47.70,0.0,0,1
48.60,0.0,0,1
49.50,0.0,0,1
50.40,0.0,0,1
51.30,0.0,0,1
52.20,0.0,0,1
53.10,68.5,44,1
54.00,68.5,44,1
54.90,0.0,0,1
55.80,0.0,0,1
56.70,0.0,0,1
57.60,0.0,0,1
58.50,0.0,0,1
59.40,0.0,0,1
60.30,0.0,0,1
61.20,0.0,0,1
62.10,0.0,0,1
63.00,3.0,230,1
63.90,0.0,0,1
64.80,3.5,225,1
65.70,0.0,0,1
66.60,3.5,222,1
67.50,2.8,220,1
68.40,0.0,0,1
69.30,0.0,0,1
70.20,0.0,0,1
71.10,3.8,216,1
72.00,0.0,0,1
72.90,0.0,0,1
73.80,0.0,0,1
74.70,4.0,211,1
75.60,0.0,0,1
76.50,4.0,208,1
77.40,0.0,0,1
78.30,3.8,207,1
79.20,0.0,0,1
80.10,3.8,206,1
81.00,0.0,0,1
81.90,0.0,0,1
82.80,0.0,0,1
83.70,0.0,0,1
84.60,0.0,0,1
85.50,0.0,0,1
86.40,0.0,0,1
87.30,0.0,0,1
88.20,0.0,0,1
89.10,0.0,0,1
90.00,4.0,202,1
90.90,0.0,0,1
91.80,0.0,0,1
92.70,4.5,203,1
93.60,3.8,203,1
94.50,0.0,0,1
95.40,3.2,202,1
96.30,0.0,0,1
97.20,0.0,0,1
98.10,0.0,0,1
99.00,0.0,0,1
99.90,0.0,0,1
100.80,0.0,0,1
101.70,4.2,205,1
102.60,0.0,0,1
103.50,0.0,0,1
104.40,4.0,207,1
105.30,4.0,208,1
106.20,3.8,209,1
107.10,0.0,0,1
108.00,0.0,0,1
108.90,4.0,211,1
109.80,4.0,212,1
110.70,3.8,214,1
111.60,0.0,0,1
112.50,0.0,0,1
113.40,3.5,217,1
114.30,0.0,0,1
115.20,0.0,0,1
116.10,0.0,0,1
117.00,0.0,0,1
117.90,3.5,224,1
118.80,3.2,226,1
119.70,0.0,0,1
120.60,0.0,0,1
121.50,0.0,0,1
122.40,0.0,0,1
123.30,0.0,0,1
124.20,0.0,0,1
125.10,0.0,0,1
126.00,0.0,0,1
126.90,0.0,0,1
127.80,0.0,0,1
128.70,3.2,251,1
129.60,0.0,0,1
130.50,66.5,1,1
131.40,0.0,0,1
132.30,66.5,6,1
133.20,66.8,11,1
134.10,0.0,0,1
135.00,66.2,18,1
135.90,66.2,21,1
136.80,0.0,0,1
137.70,16.8,176,1
138.60,19.8,173,1
139.50,0.0,0,1
140.40,0.0,0,1
141.30,0.0,0,1
142.20,0.0,0,1
143.10,0.0,0,1
144.00,0.0,0,1
144.90,0.0,0,1
145.80,0.0,0,1
146.70,0.0,0,1
147.60,0.0,0,1
148.50,0.0,0,1
149.40,0.0,0,1
150.30,0.0,0,1
151.20,0.0,0,1
152.10,3.8,143,1
153.00,0.0,0,1
153.90,0.0,0,1
154.80,0.0,0,1
155.70,0.0,0,1
156.60,0.0,0,1
157.50,0.0,0,1
158.40,0.0,0,1
159.30,0.0,0,1
160.20,0.0,0,1
161.10,26.8,95,1
162.00,26.8,97,1
162.90,0.0,0,1
163.80,6.5,238,1
164.70,0.0,0,1
165.60,0.0,0,1
166.50,0.0,0,1
167.40,0.0,0,1
168.30,0.0,0,1
169.20,0.0,0,1
170.10,0.0,0,1
171.00,65.5,50,1
171.90,0.0,0,1
172.80,0.0,0,1
173.70,0.0,0,1
174.60,0.0,0,1
175.50,0.0,0,1
176.40,0.0,0,1
177.30,0.0,0,1
178.20,0.0,0,1
179.10,0.0,0,1
180.00,0.0,0,1
180.90,0.0,0,1
181.80,0.0,0,1
182.70,0.0,0,1
183.60,0.0,0,1
184.50,0.0,0,1
185.40,0.0,0,1
186.30,0.0,0,1
187.20,0.0,0,1
188.10,0.0,0,1
189.00,0.0,0,1
189.90,0.0,0,1
190.80,0.0,0,1
191.70,0.0,0,1
192.60,0.0,0,1
193.50,0.0,0,1
194.40,0.0,0,1
195.30,0.0,0,1
196.20,0.0,0,1
197.10,0.0,0,1
198.00,0.0,0,1
198.90,0.0,0,1
199.80,0.0,0,1
200.70,0.0,0,1
201.60,0.0,0,1
202.50,0.0,0,1
203.40,0.0,0,1
204.30,0.0,0,1
205.20,0.0,0,1
206.10,0.0,0,1
207.00,0.0,0,1
207.90,0.0,0,1
208.80,0.0,0,1
209.70,0.0,0,1
210.60,0.0,0,1
211.50,0.0,0,1
212.40,0.0,0,1
213.30,0.0,0,1
214.20,0.0,0,1
215.10,0.0,0,1
216.00,0.0,0,1
216.90,134.8,1,1
217.80,135.2,4,1
218.70,135.0,6,1
219.60,135.2,9,1
220.50,134.8,12,1
221.40,135.0,15,1
222.30,134.8,17,1
223.20,135.0,20,1
224.10,135.0,24,1
225.00,134.5,27,1
225.90,134.8,31,1
226.80,134.5,35,1
227.70,134.2,39,1
228.60,134.5,44,1
229.50,134.0,48,1
230.40,134.5,53,1
231.30,134.0,57,1
232.20,134.2,63,1
233.10,133.8,69,1
234.00,134.0,73,1
234.90,134.0,79,1
235.80,132.0,80,1
236.70,0.0,0,1
237.60,69.8,249,1
238.50,69.5,245,1
239.40,71.2,242,1
240.30,70.8,244,1
241.20,70.0,249,1
242.10,130.0,6,1
243.00,128.8,63,1
243.90,129.0,63,1
244.80,128.8,65,1
245.70,0.0,0,1
246.60,128.8,65,1
247.50,0.0,0,1
248.40,0.0,0,1
249.30,0.0,0,1
250.20,0.0,0,1
251.10,0.0,0,1
252.00,0.0,0,1
252.90,0.0,0,1
253.80,0.0,0,1
254.70,128.5,73,1
255.60,0.0,0,1
256.50,0.0,0,1
257.40,0.0,0,1
258.30,0.0,0,1
259.20,0.0,0,1
260.10,0.0,0,1
261.00,0.0,0,1
261.90,0.0,0,1
262.80,0.0,0,1
263.70,0.0,0,1
264.60,0.0,0,1
265.50,0.0,0,1
266.40,0.0,0,1
267.30,0.0,0,1
268.20,0.0,0,1
269.10,0.0,0,1
270.00,0.0,0,1
270.90,0.0,0,1
271.80,0.0,0,1
272.70,0.0,0,1
273.60,0.0,0,1
274.50,0.0,0,1
275.40,0.0,0,1
276.30,0.0,0,1
277.20,0.0,0,1
278.10,0.0,0,1
279.00,0.0,0,1
279.90,0.0,0,1
280.80,0.0,0,1
281.70,0.0,0,1
282.60,0.0,0,1
283.50,0.0,0,1
284.40,196.2,17,1
285.30,196.2,15,1
286.20,196.2,12,1
287.10,196.0,13,1
288.00,196.2,12,1
288.90,0.0,0,1
289.80,0.0,0,1
290.70,0.0,0,1
291.60,0.0,0,1
292.50,0.0,0,1
293.40,0.0,0,1
294.30,0.0,0,1
295.20,0.0,0,1
296.10,0.0,0,1
297.00,0.0,0,1
297.90,0.0,0,1
298.80,704.5,225,1
299.70,704.5,204,1
300.60,704.5,179,1
301.50,704.5,158,1
302.40,704.5,147,1
303.30,704.5,130,1
304.20,704.5,106,1
305.10,704.5,78,1
306.00,704.5,64,1
306.90,704.5,51,1
307.80,704.5,36,1
308.70,704.5,40,1
309.60,704.5,37,1
310.50,896.2,51,1
311.40,896.5,78,1
312.30,896.5,103,1
313.20,896.5,130,1
314.10,896.5,163,1
315.00,896.5,185,1
315.90,896.5,200,1
316.80,896.5,215,1
317.70,896.0,152,1
318.60,896.0,168,1
319.50,896.0,241,1
320.40,896.0,198,1
321.30,960.0,71,1
322.20,960.2,31,1
323.10,960.2,151,1
324.00,960.2,124,1
324.90,960.0,161,1
325.80,960.2,237,1
326.70,960.2,215,1
327.60,1024.0,59,1
328.50,1024.0,75,1
329.40,1024.0,70,1
330.30,1024.0,181,1
331.20,1024.2,187,1
332.10,1088.0,8,1
333.00,1088.0,22,1
333.90,1088.0,108,1
334.80,1152.2,36,1
335.70,1152.2,112,1
336.60,1152.2,210,1
337.50,1216.2,33,1
338.40,1216.2,98,1
339.30,1216.2,170,1
340.20,1280.2,1,1
341.10,1280.0,33,1
342.00,1280.0,40,1
342.90,0.0,0,1
343.80,0.0,0,1
344.70,0.0,0,1
345.60,12.5,229,1
346.50,7.2,226,1
347.40,0.0,0,1
348.30,0.0,0,1
349.20,0.0,0,1
350.10,6.8,214,1
351.00,8.2,212,1
351.90,0.0,0,1
352.80,0.0,0,1
353.70,0.0,0,1
354.60,0.0,0,1
355.50,0.0,0,1
356.40,8.2,188,1
357.30,0.0,0,1
358.20,0.0,0,1
359.10,0.0,0,1
0.00,0.0,0,2
0.92,0.0,0,2
1.84,0.0,0,2
2.76,6.2,147,2
3.67,0.0,0,2
4.59,0.0,0,2
5.51,0.0,0,2
6.43,0.0,0,2
7.35,0.0,0,2
8.27,0.0,0,2
9.18,0.0,0,2
10.10,0.0,0,2
11.02,0.0,0,2
11.94,0.0,0,2
12.86,0.0,0,2
13.78,0.0,0,2
14.69,0.0,0,2
15.61,14.0,120,2
16.53,0.0,0,2
17.45,17.2,120,2
18.37,18.2,120,2
19.29,0.0,0,2
20.20,0.0,0,2
21.12,0.0,0,2
22.04,0.0,0,2
22.96,0.0,0,2
23.88,0.0,0,2
24.80,0.0,0,2
25.71,0.0,0,2
26.63,0.0,0,2
27.55,0.0,0,2
28.47,0.0,0,2
29.39,0.0,0,2
30.31,0.0,0,2
31.22,0.0,0,2
32.14,0.0,0,2
33.06,0.0,0,2
33.98,0.0,0,2
34.90,0.0,0,2
35.82,0.0,0,2
36.73,65.5,48,2
37.65,69.0,35,2
38.57,0.0,0,2
39.49,0.0,0,2
40.41,68.0,26,2
41.33,0.0,0,2
42.24,66.5,28,2
43.16,0.0,0,2
44.08,0.0,0,2
45.00,0.0,0,2
45.92,0.0,0,2
46.84,67.5,33,2
47.76,0.0,0,2
48.67,0.0,0,2
49.59,66.8,39,2
50.51,0.0,0,2
51.43,0.0,0,2
52.35,68.5,43,2
53.27,68.2,44,2
54.18,0.0,0,2
55.10,68.2,45,2
56.02,0.0,0,2
56.94,67.5,49,2
57.86,2.0,239,2
58.78,0.0,0,2
59.69,0.0,0,2
60.61,0.0,0,2
61.53,2.8,233,2
62.45,2.8,231,2
63.37,0.0,0,2
64.29,3.5,227,2
65.20,3.0,225,2
66.12,0.0,0,2
67.04,3.2,221,2
67.96,0.0,0,2
68.88,0.0,0,2
69.80,3.5,217,2
70.71,3.8,216,2
71.63,0.0,0,2
72.55,0.0,0,2
73.47,4.0,213,2
74.39,4.0,212,2
75.31,0.0,0,2
76.22,0.0,0,2
77.14,0.0,0,2
78.06,0.0,0,2
78.98,4.2,208,2
79.90,0.0,0,2
80.82,0.0,0,2
81.73,0.0,0,2
82.65,0.0,0,2
83.57,0.0,0,2
84.49,0.0,0,2
85.41,0.0,0,2
86.33,0.0,0,2
87.24,0.0,0,2
88.16,0.0,0,2
89.08,0.0,0,2
90.00,0.0,0,2
90.92,0.0,0,2
91.84,0.0,0,2
92.76,4.0,203,2
93.67,0.0,0,2
94.59,0.0,0,2
95.51,0.0,0,2
96.43,4.0,202,2
97.35,4.0,203,2
98.27,4.0,203,2
99.18,0.0,0,2
100.10,0.0,0,2
101.02,0.0,0,2
101.94,0.0,0,2
102.86,3.0,206,2
103.78,0.0,0,2
104.69,0.0,0,2
105.61,3.8,208,2
106.53,0.0,0,2
107.45,0.0,0,2
108.37,4.2,210,2
109.29,3.5,212,2
110.20,0.0,0,2
111.12,0.0,0,2
112.04,0.0,0,2
112.96,0.0,0,2
113.88,0.0,0,2
114.80,0.0,0,2
115.71,3.8,220,2
116.63,0.0,0,2
117.55,0.0,0,2
118.47,0.0,0,2
119.39,0.0,0,2
120.31,0.0,0,2
121.22,0.0,0,2
122.14,3.0,231,2
123.06,0.0,0,2
123.98,0.0,0,2
124.90,2.8,238,2
125.82,2.8,239,2
126.73,0.0,0,2
127.65,0.0,0,2
128.57,0.0,0,2
129.49,2.8,250,2
130.41,0.0,0,2
131.33,0.0,0,2
132.24,0.0,0,2
133.16,0.0,0,2
134.08,0.0,0,2
135.00,0.0,0,2
135.92,0.0,0,2
136.84,0.0,0,2
137.76,0.0,0,2
138.67,17.8,177,2
139.59,22.8,173,2
140.51,18.2,176,2
141.43,0.0,0,2
142.35,0.0,0,2
143.27,0.0,0,2
144.18,0.0,0,2
145.10,0.0,0,2
146.02,0.0,0,2
146.94,0.0,0,2
147.86,0.0,0,2
148.78,0.0,0,2
149.69,0.0,0,2
150.61,0.0,0,2
151.53,3.0,145,2
152.45,0.0,0,2
153.37,0.0,0,2
154.29,0.0,0,2
155.20,0.0,0,2
156.12,0.0,0,2
157.04,0.0,0,2
157.96,0.0,0,2
158.88,0.0,0,2
159.80,0.0,0,2
160.71,0.0,0,2
161.63,0.0,0,2
162.55,0.0,0,2
163.47,0.0,0,2
164.39,0.0,0,2
165.31,0.0,0,2
166.22,0.0,0,2
167.14,0.0,0,2
168.06,0.0,0,2
168.98,0.0,0,2
169.90,0.0,0,2
170.82,0.0,0,2
171.73,0.0,0,2
172.65,0.0,0,2
173.57,0.0,0,2
174.49,0.0,0,2
175.41,0.0,0,2
176.33,0.0,0,2
177.24,0.0,0,2
178.16,0.0,0,2
179.08,0.0,0,2
180.00,0.0,0,2
180.92,0.0,0,2
181.84,0.0,0,2
182.76,0.0,0,2
183.67,0.0,0,2
184.59,0.0,0,2
185.51,0.0,0,2
186.43,0.0,0,2
187.35,0.0,0,2
188.27,0.0,0,2
189.18,0.0,0,2
190.10,0.0,0,2
191.02,0.0,0,2
191.94,0.0,0,2
192.86,0.0,0,2
193.78,0.0,0,2
194.69,0.0,0,2
195.61,0.0,0,2
196.53,0.0,0,2
197.45,0.0,0,2
198.37,0.0,0,2
199.29,0.0,0,2
200.20,0.0,0,2
201.12,0.0,0,2
202.04,0.0,0,2
202.96,0.0,0,2
203.88,0.0,0,2
204.80,0.0,0,2
205.71,0.0,0,2
206.63,0.0,0,2
207.55,0.0,0,2
208.47,0.0,0,2
209.39,0.0,0,2
210.31,0.0,0,2
211.22,0.0,0,2
212.14,0.0,0,2
213.06,0.0,0,2
213.98,0.0,0,2
214.90,0.0,0,2
215.82,0.0,0,2
216.73,0.0,0,2
217.65,0.0,0,2
218.57,135.0,1,2
219.49,135.2,4,2
220.41,135.2,6,2
221.33,135.2,9,2
222.24,134.8,12,2
223.16,135.0,15,2
224.08,134.8,18,2
225.00,135.0,21,2
225.92,135.0,24,2
226.84,134.8,28,2
227.76,134.8,31,2
228.67,134.5,36,2
229.59,134.5,40,2
230.51,134.2,45,2
231.43,134.2,49,2
232.35,134.2,53,2
233.27,133.8,60,2
234.18,134.2,64,2
235.10,133.8,70,2
236.02,133.8,74,2
236.94,133.0,85,2
237.86,133.8,87,2
238.78,69.2,253,2
239.69,0.0,0,2
240.61,0.0,0,2
241.53,71.2,243,2
242.45,70.0,245,2
243.37,69.0,252,2
244.29,0.0,0,2
245.20,128.5,64,2
246.12,130.2,63,2
247.04,0.0,0,2
247.96,128.8,66,2
248.88,0.0,0,2
249.80,128.5,64,2
250.71,0.0,0,2
251.63,0.0,0,2
252.55,0.0,0,2
253.47,0.0,0,2
254.39,0.0,0,2
255.31,0.0,0,2
256.22,0.0,0,2
257.14,129.2,76,2
258.06,0.0,0,2
258.98,0.0,0,2
259.90,0.0,0,2
260.82,0.0,0,2
261.73,0.0,0,2
262.65,0.0,0,2
263.57,0.0,0,2
264.49,0.0,0,2
265.41,0.0,0,2
266.33,0.0,0,2
267.24,0.0,0,2
268.16,0.0,0,2
269.08,0.0,0,2
270.00,0.0,0,2
270.92,0.0,0,2
271.84,0.0,0,2
272.76,0.0,0,2
273.67,0.0,0,2
274.59,0.0,0,2
275.51,0.0,0,2
276.43,0.0,0,2
277.35,0.0,0,2
278.27,0.0,0,2
279.18,0.0,0,2
280.10,0.0,0,2
281.02,0.0,0,2
281.94,0.0,0,2
282.86,0.0,0,2
283.78,0.0,0,2
284.69,0.0,0,2
285.61,195.8,17,2
286.53,196.2,17,2
287.45,196.0,15,2
288.37,196.2,12,2
289.29,196.2,12,2
290.20,196.2,12,2
291.12,0.0,0,2
292.04,0.0,0,2
292.96,0.0,0,2
293.88,0.0,0,2
294.80,0.0,0,2
295.71,0.0,0,2
296.63,0.0,0,2
297.55,0.0,0,2
298.47,0.0,0,2
299.39,0.0,0,2
300.31,0.0,0,2
301.22,704.5,226,2
302.14,704.5,188,2
303.06,704.5,172,2
303.98,704.8,164,2
304.90,704.5,141,2
305.82,704.5,121,2
306.73,704.5,92,2
307.65,704.5,75,2
308.57,704.5,54,2
309.49,704.5,47,2
310.41,704.5,33,2
311.33,704.8,21,2
312.24,896.2,44,2
313.16,896.2,63,2
314.08,896.5,84,2
315.00,896.5,120,2
315.92,896.5,148,2
316.84,896.5,175,2
317.76,896.5,197,2
318.67,896.5,203,2
319.59,896.5,226,2
320.51,896.0,146,2
321.43,960.2,11,2
322.35,896.2,193,2
323.27,960.2,81,2
324.18,960.2,28,2
325.10,960.2,136,2
326.02,960.0,127,2
326.94,960.0,136,2
327.86,960.2,239,2
328.78,960.0,213,2
329.69,1024.0,53,2
330.61,1024.0,76,2
331.53,1024.0,99,2
332.45,1024.2,108,2
333.37,1024.0,170,2
334.29,1024.0,242,2
335.20,1088.2,25,2
336.12,1088.0,94,2
337.04,1088.0,242,2
337.96,1152.2,100,2
338.88,1152.2,191,2
339.80,1216.2,30,2
340.71,1216.2,91,2
341.63,1216.2,159,2
342.55,1216.2,236,2
343.47,1280.0,61,2
344.39,1280.0,63,2
345.31,0.0,0,2
346.22,0.0,0,2
347.14,10.8,227,2
348.06,11.8,230,2
348.98,0.0,0,2
349.90,3.8,229,2
350.82,0.0,0,2
351.73,0.0,0,2
352.65,0.0,0,2
353.57,0.0,0,2
354.49,0.0,0,2
355.41,8.0,207,2
356.33,9.0,206,2
357.24,0.0,0,2
358.16,0.0,0,2
359.08,0.0,0,2
0.00,8.5,186,3
0.90,7.8,183,3
1.80,8.0,181,3
2.70,7.2,183,3
3.60,0.0,0,3
4.50,0.0,0,3
5.40,0.0,0,3
6.30,0.0,0,3
7.20,15.2,129,3
8.10,0.0,0,3
9.00,0.0,0,3
9.90,0.0,0,3
10.80,0.0,0,3
11.70,0.0,0,3
12.60,0.0,0,3
13.50,0.0,0,3
14.40,0.0,0,3
15.30,0.0,0,3
16.20,14.8,123,3
17.10,0.0,0,3
18.00,0.0,0,3
18.90,0.0,0,3
19.80,0.0,0,3
20.70,18.0,119,3
21.60,0.0,0,3
22.50,0.0,0,3
23.40,0.0,0,3
24.30,0.0,0,3
25.20,0.0,0,3
26.10,7.0,124,3
27.00,0.0,0,3
27.90,0.0,0,3
28.80,0.0,0,3
29.70,0.0,0,3
30.60,0.0,0,3
31.50,0.0,0,3
32.40,0.0,0,3
33.30,0.0,0,3
34.20,0.0,0,3
35.10,0.0,0,3
36.00,0.0,0,3
36.90,0.0,0,3
37.80,0.0,0,3
38.70,0.0,0,3
39.60,68.0,35,3
40.50,68.8,30,3
41.40,0.0,0,3
42.30,67.8,25,3
43.20,0.0,0,3
44.10,66.5,27,3
45.00,68.2,29,3
45.90,0.0,0,3
46.80,68.5,31,3
47.70,66.5,32,3
48.60,68.0,35,3
49.50,0.0,0,3
50.40,68.0,38,3
51.30,66.5,40,3
52.20,0.0,0,3
53.10,67.8,42,3
54.00,0.0,0,3
54.90,68.0,43,3
55.80,67.0,45,3
56.70,0.0,0,3
57.60,0.0,0,3
58.50,0.0,0,3
59.40,2.2,238,3
60.30,0.0,0,3
61.20,2.8,235,3
62.10,0.0,0,3
63.00,0.0,0,3
63.90,0.0,0,3
64.80,0.0,0,3
65.70,0.0,0,3
66.60,0.0,0,3
67.50,0.0,0,3
68.40,0.0,0,3
69.30,0.0,0,3
70.20,0.0,0,3
71.10,3.5,217,3
72.00,0.0,0,3
72.90,0.0,0,3
73.80,0.0,0,3
74.70,3.8,212,3
75.60,0.0,0,3
76.50,3.8,210,3
77.40,0.0,0,3
78.30,4.2,208,3
79.20,3.8,207,3
80.10,3.8,206,3
81.00,0.0,0,3
81.90,0.0,0,3
82.80,0.0,0,3
83.70,0.0,0,3
84.60,0.0,0,3
85.50,0.0,0,3
86.40,0.0,0,3
87.30,0.0,0,3
88.20,0.0,0,3
89.10,0.0,0,3
90.00,0.0,0,3
90.90,4.0,202,3
91.80,0.0,0,3
92.70,0.0,0,3
93.60,4.2,203,3
94.50,0.0,0,3
95.40,0.0,0,3
96.30,3.2,202,3
97.20,0.0,0,3
98.10,4.0,203,3
99.00,0.0,0,3
99.90,0.0,0,3
100.80,0.0,0,3
101.70,0.0,0,3
102.60,4.5,205,3
103.50,0.0,0,3
104.40,0.0,0,3
105.30,0.0,0,3
106.20,0.0,0,3
107.10,3.8,209,3
108.00,0.0,0,3
108.90,4.0,211,3
109.80,4.5,212,3
110.70,3.8,212,3
111.60,4.0,214,3
112.50,3.8,215,3
113.40,0.0,0,3
114.30,0.0,0,3
115.20,0.0,0,3
116.10,0.0,0,3
117.00,3.2,222,3
117.90,0.0,0,3
118.80,0.0,0,3
119.70,3.2,226,3
120.60,0.0,0,3
121.50,0.0,0,3
122.40,0.0,0,3
123.30,0.0,0,3
124.20,0.0,0,3
125.10,0.0,0,3
126.00,0.0,0,3
126.90,0.0,0,3
127.80,0.0,0,3
128.70,0.0,0,3
129.60,0.0,0,3
130.50,0.0,0,3
131.40,66.5,1,3
132.30,0.0,0,3
133.20,66.5,6,3
134.10,0.0,0,3
135.00,0.0,0,3
135.90,0.0,0,3
136.80,0.0,0,3
137.70,0.0,0,3
138.60,19.0,176,3
139.50,19.8,173,3
140.40,0.0,0,3
141.30,0.0,0,3
142.20,0.0,0,3
143.10,0.0,0,3
144.00,0.0,0,3
144.90,0.0,0,3
145.80,4.2,156,3
146.70,0.0,0,3
147.60,0.0,0,3
148.50,0.0,0,3
149.40,0.0,0,3
150.30,0.0,0,3
151.20,0.0,0,3
152.10,0.0,0,3
153.00,0.0,0,3
153.90,0.0,0,3
154.80,0.0,0,3
155.70,0.0,0,3
156.60,0.0,0,3
157.50,0.0,0,3
158.40,0.0,0,3
159.30,0.0,0,3
160.20,0.0,0,3
161.10,0.0,0,3
162.00,29.2,95,3
162.90,0.0,0,3
163.80,0.0,0,3
164.70,0.0,0,3
165.60,0.0,0,3
166.50,0.0,0,3
167.40,0.0,0,3
168.30,0.0,0,3
169.20,0.0,0,3
170.10,0.0,0,3
171.00,0.0,0,3
171.90,0.0,0,3
172.80,0.0,0,3
173.70,0.0,0,3
174.60,0.0,0,3
175.50,0.0,0,3
176.40,0.0,0,3
177.30,0.0,0,3
178.20,0.0,0,3
179.10,0.0,0,3
180.00,0.0,0,3
180.90,0.0,0,3
181.80,0.0,0,3
182.70,0.0,0,3
183.60,0.0,0,3
184.50,0.0,0,3
185.40,0.0,0,3
186.30,0.0,0,3
187.20,0.0,0,3
188.10,0.0,0,3
189.00,0.0,0,3
189.90,0.0,0,3
190.80,0.0,0,3
191.70,0.0,0,3
192.60,0.0,0,3
193.50,0.0,0,3
194.40,0.0,0,3
195.30,0.0,0,3
196.20,0.0,0,3
197.10,0.0,0,3
198.00,0.0,0,3
198.90,0.0,0,3
199.80,0.0,0,3
200.70,0.0,0,3
201.60,0.0,0,3
202.50,0.0,0,3
203.40,0.0,0,3
204.30,0.0,0,3
205.20,0.0,0,3
206.10,0.0,0,3
207.00,0.0,0,3
207.90,0.0,0,3
208.80,0.0,0,3
209.70,0.0,0,3
210.60,0.0,0,3
211.50,0.0,0,3
212.40,0.0,0,3
213.30,0.0,0,3
214.20,0.0,0,3
215.10,0.0,0,3
216.00,0.0,0,3
216.90,0.0,0,3
217.80,134.5,1,3
218.70,135.0,4,3
219.60,134.8,6,3
220.50,135.2,9,3
221.40,135.0,12,3
222.30,135.0,14,3
223.20,134.8,18,3
224.10,135.0,20,3
225.00,135.0,24,3
225.90,134.5,27,3
226.80,134.8,31,3
227.70,134.2,35,3
228.60,134.2,39,3
229.50,134.5,44,3
230.40,134.2,48,3
231.30,134.2,53,3
232.20,134.0,57,3
233.10,134.2,63,3
234.00,133.8,69,3
234.90,134.0,73,3
235.80,134.0,79,3
236.70,132.0,80,3
237.60,128.5,100,3
238.50,69.2,249,3
239.40,68.5,245,3
240.30,71.2,242,3
241.20,70.8,244,3
242.10,70.0,250,3
243.00,0.0,0,3
243.90,128.8,64,3
244.80,0.0,0,3
245.70,128.8,64,3
246.60,128.8,64,3
247.50,128.8,66,3
248.40,128.2,66,3
249.30,0.0,0,3
250.20,0.0,0,3
251.10,0.0,0,3
252.00,0.0,0,3
252.90,0.0,0,3
253.80,0.0,0,3
254.70,0.0,0,3
255.60,128.8,72,3
256.50,0.0,0,3
257.40,0.0,0,3
258.30,0.0,0,3
259.20,0.0,0,3
260.10,0.0,0,3
261.00,0.0,0,3
261.90,0.0,0,3
262.80,0.0,0,3
263.70,0.0,0,3
264.60,0.0,0,3
265.50,0.0,0,3
266.40,0.0,0,3
267.30,0.0,0,3
268.20,0.0,0,3
269.10,0.0,0,3
270.00,0.0,0,3
270.90,0.0,0,3
271.80,0.0,0,3
272.70,0.0,0,3
273.60,0.0,0,3
274.50,0.0,0,3
275.40,0.0,0,3
276.30,0.0,0,3
277.20,0.0,0,3
278.10,0.0,0,3
279.00,0.0,0,3
279.90,0.0,0,3
280.80,0.0,0,3
281.70,0.0,0,3
282.60,0.0,0,3
283.50,0.0,0,3
284.40,0.0,0,3
285.30,196.2,17,3
286.20,196.5,15,3
287.10,196.0,12,3
288.00,196.0,13,3
288.90,196.2,12,3
289.80,193.5,19,3
290.70,0.0,0,3
291.60,0.0,0,3
292.50,0.0,0,3
293.40,0.0,0,3
294.30,0.0,0,3
295.20,0.0,0,3
296.10,0.0,0,3
297.00,0.0,0,3
297.90,0.0,0,3
298.80,0.0,0,3
299.70,704.5,231,3
300.60,704.5,202,3
301.50,704.5,177,3
302.40,704.5,163,3
303.30,704.5,148,3
304.20,704.5,135,3
305.10,704.5,114,3
306.00,704.5,86,3
306.90,704.5,65,3
307.80,704.5,51,3
308.70,704.5,38,3
309.60,704.8,27,3
310.50,704.8,18,3
311.40,896.5,45,3
312.30,896.5,75,3
313.20,896.5,98,3
314.10,896.5,124,3
315.00,896.2,158,3
315.90,896.2,178,3
316.80,896.5,196,3
317.70,896.5,205,3
318.60,896.2,227,3
319.50,896.0,148,3
320.40,960.2,20,3
321.30,896.2,183,3
322.20,960.2,85,3
323.10,960.2,26,3
324.00,960.2,144,3
324.90,960.0,143,3
325.80,960.0,131,3
326.70,960.0,216,3
327.60,960.0,214,3
328.50,1024.0,30,3
329.40,1024.2,68,3
330.30,1024.0,139,3
331.20,1024.2,103,3
332.10,1024.0,159,3
333.00,1024.0,222,3
333.90,1088.2,24,3
334.80,1088.0,82,3
335.70,1088.0,135,3
336.60,1152.2,68,3
337.50,1152.2,171,3
338.40,1216.2,1,3
339.30,1216.2,75,3
340.20,1216.2,134,3
341.10,1216.2,209,3
342.00,1280.2,33,3
342.90,1088.0,236,3
343.80,0.0,0,3
344.70,5.2,232,3
345.60,0.0,0,3
346.50,13.2,230,3
347.40,9.5,228,3
348.30,0.0,0,3
349.20,0.0,0,3
350.10,0.0,0,3
351.00,0.0,0,3
351.90,6.5,212,3
352.80,0.0,0,3
353.70,0.0,0,3
354.60,7.5,206,3
355.50,0.0,0,3
356.40,0.0,0,3
357.30,0.0,0,3
358.20,8.0,188,3
359.10,0.0,0,3
0.00,8.5,182,4
0.92,8.8,182,4
1.84,0.0,0,4
2.76,0.0,0,4
3.67,0.0,0,4
4.59,0.0,0,4
5.51,0.0,0,4
6.43,0.0,0,4
7.35,0.0,0,4
8.27,0.0,0,4
9.18,0.0,0,4
10.10,0.0,0,4
11.02,0.0,0,4
11.94,0.0,0,4
12.86,14.0,132,4
13.78,0.0,0,4
14.69,0.0,0,4
15.61,0.0,0,4
16.53,0.0,0,4
17.45,17.5,121,4
18.37,0.0,0,4
19.29,0.0,0,4
20.20,0.0,0,4
21.12,0.0,0,4
22.04,0.0,0,4
22.96,0.0,0,4
23.88,0.0,0,4
24.80,0.0,0,4
25.71,0.0,0,4
26.63,0.0,0,4
27.55,0.0,0,4
28.47,0.0,0,4
29.39,0.0,0,4
30.31,0.0,0,4
31.22,0.0,0,4
32.14,0.0,0,4
33.06,0.0,0,4
33.98,0.0,0,4
34.90,0.0,0,4
35.82,0.0,0,4
36.73,0.0,0,4
37.65,0.0,0,4
38.57,0.0,0,4
39.49,0.0,0,4
40.41,69.2,29,4
41.33,0.0,0,4
42.24,67.8,25,4
43.16,0.0,0,4
44.08,66.5,26,4
45.00,0.0,0,4
45.92,67.2,30,4
46.84,0.0,0,4
47.76,0.0,0,4
48.67,0.0,0,4
49.59,68.2,35,4
50.51,0.0,0,4
51.43,0.0,0,4
52.35,0.0,0,4
53.27,69.0,42,4
54.18,0.0,0,4
55.10,0.0,0,4
56.02,0.0,0,4
56.94,0.0,0,4
57.86,0.0,0,4
58.78,67.2,48,4
59.69,0.0,0,4
60.61,2.8,238,4
61.53,0.0,0,4
62.45,0.0,0,4
63.37,0.0,0,4
64.29,0.0,0,4
65.20,0.0,0,4
66.12,0.0,0,4
67.04,3.0,226,4
67.96,3.0,223,4
68.88,3.2,222,4
69.80,0.0,0,4
70.71,0.0,0,4
71.63,0.0,0,4
72.55,3.5,216,4
73.47,0.0,0,4
74.39,3.8,214,4
75.31,3.8,213,4
76.22,3.8,212,4
77.14,3.8,211,4
78.06,3.2,210,4
78.98,4.2,209,4
79.90,0.0,0,4
80.82,4.0,207,4
81.73,0.0,0,4
82.65,0.0,0,4
83.57,0.0,0,4
84.49,4.0,204,4
85.41,0.0,0,4
86.33,0.0,0,4
87.24,0.0,0,4
88.16,4.2,203,4
89.08,4.2,203,4
90.00,0.0,0,4
90.92,0.0,0,4
91.84,0.0,0,4
92.76,0.0,0,4
93.67,0.0,0,4
94.59,0.0,0,4
95.51,0.0,0,4
96.43,0.0,0,4
97.35,0.0,0,4
98.27,4.2,203,4
99.18,0.0,0,4
100.10,4.0,204,4
101.02,0.0,0,4
101.94,3.8,204,4
102.86,0.0,0,4
103.78,0.0,0,4
104.69,3.5,206,4
105.61,0.0,0,4
106.53,0.0,0,4
107.45,3.8,208,4
108.37,0.0,0,4
109.29,0.0,0,4
110.20,4.0,211,4
111.12,3.5,212,4
112.04,4.0,212,4
112.96,0.0,0,4
113.88,0.0,0,4
114.80,0.0,0,4
115.71,0.0,0,4
116.63,0.0,0,4
117.55,0.0,0,4
118.47,0.0,0,4
119.39,0.0,0,4
120.31,0.0,0,4
121.22,3.5,226,4
122.14,0.0,0,4
123.06,3.5,229,4
123.98,2.8,231,4
124.90,0.0,0,4
125.82,3.0,236,4
126.73,3.0,238,4
127.65,0.0,0,4
128.57,0.0,0,4
129.49,0.0,0,4
130.41,0.0,0,4
131.33,2.8,250,4
132.24,0.0,0,4
133.16,2.8,255,4
134.08,0.0,0,4
135.00,0.0,0,4
135.92,0.0,0,4
136.84,66.2,12,4
137.76,0.0,0,4
138.67,66.2,19,4
139.59,0.0,0,4
140.51,16.2,177,4
141.43,21.0,173,4
142.35,18.2,175,4
143.27,0.0,0,4
144.18,0.0,0,4
145.10,0.0,0,4
146.02,0.0,0,4
146.94,0.0,0,4
147.86,5.0,154,4
148.78,0.0,0,4
149.69,0.0,0,4
150.61,0.0,0,4
151.53,0.0,0,4
152.45,0.0,0,4
153.37,0.0,0,4
154.29,0.0,0,4
155.20,0.0,0,4
156.12,0.0,0,4
157.04,0.0,0,4
157.96,0.0,0,4
158.88,0.0,0,4
159.80,0.0,0,4
160.71,0.0,0,4
161.63,0.0,0,4
162.55,0.0,0,4
163.47,0.0,0,4
164.39,27.0,95,4
165.31,27.5,97,4
166.22,0.0,0,4
167.14,0.0,0,4
168.06,0.0,0,4
168.98,0.0,0,4
169.90,0.0,0,4
170.82,0.0,0,4
171.73,0.0,0,4
172.65,0.0,0,4
173.57,0.0,0,4
174.49,0.0,0,4
175.41,0.0,0,4
176.33,0.0,0,4
177.24,0.0,0,4
178.16,0.0,0,4
179.08,0.0,0,4
180.00,0.0,0,4
180.92,0.0,0,4
181.84,0.0,0,4
182.76,0.0,0,4
183.67,0.0,0,4
184.59,0.0,0,4
185.51,0.0,0,4
186.43,0.0,0,4
187.35,0.0,0,4
188.27,0.0,0,4
189.18,0.0,0,4
190.10,0.0,0,4
191.02,0.0,0,4
191.94,0.0,0,4
192.86,0.0,0,4
193.78,0.0,0,4
194.69,0.0,0,4
195.61,0.0,0,4
196.53,0.0,0,4
197.45,0.0,0,4
198.37,0.0,0,4
199.29,0.0,0,4
200.20,0.0,0,4
201.12,0.0,0,4
202.04,0.0,0,4
202.96,0.0,0,4
203.88,0.0,0,4
204.80,0.0,0,4
205.71,0.0,0,4
206.63,0.0,0,4
207.55,0.0,0,4
208.47,0.0,0,4
209.39,0.0,0,4
210.31,0.0,0,4
211.22,0.0,0,4
212.14,0.0,0,4
213.06,0.0,0,4
213.98,0.0,0,4
214.90,0.0,0,4
215.82,0.0,0,4
216.73,0.0,0,4
217.65,0.0,0,4
218.57,0.0,0,4
219.49,0.0,0,4
220.41,0.0,0,4
221.33,135.2,3,4
222.24,135.0,5,4
223.16,135.2,7,4
224.08,135.2,10,4
225.00,135.2,12,4
225.92,135.0,16,4
226.84,134.8,19,4
227.76,135.0,22,4
228.67,134.8,26,4
229.59,135.0,30,4
230.51,134.2,34,4
231.43,134.8,37,4
232.35,134.2,41,4
233.27,134.5,46,4
234.18,134.5,50,4
235.10,134.2,55,4
236.02,133.8,60,4
236.94,134.2,65,4
237.86,134.0,71,4
238.78,134.2,77,4
239.69,69.0,161,4
240.61,133.5,91,4
241.53,69.8,250,4
242.45,68.0,239,4
243.37,70.2,242,4
244.29,70.8,243,4
245.20,69.5,247,4
246.12,132.8,0,4
247.04,0.0,0,4
247.96,128.5,63,4
248.88,129.2,66,4
249.80,128.5,64,4
250.71,128.5,64,4
251.63,128.5,66,4
252.55,128.5,65,4
253.47,0.0,0,4
254.39,0.0,0,4
255.31,0.0,0,4
256.22,0.0,0,4
257.14,0.0,0,4
258.06,0.0,0,4
258.98,0.0,0,4
259.90,128.8,78,4
260.82,0.0,0,4
261.73,0.0,0,4
262.65,0.0,0,4
263.57,0.0,0,4
264.49,0.0,0,4
265.41,0.0,0,4
266.33,0.0,0,4
267.24,0.0,0,4
268.16,0.0,0,4
269.08,0.0,0,4
270.00,0.0,0,4
270.92,0.0,0,4
271.84,0.0,0,4
272.76,0.0,0,4
273.67,0.0,0,4
274.59,0.0,0,4
275.51,0.0,0,4
276.43,0.0,0,4
277.35,0.0,0,4
278.27,0.0,0,4
279.18,0.0,0,4
280.10,0.0,0,4
281.02,0.0,0,4
281.94,0.0,0,4
282.86,0.0,0,4
283.78,0.0,0,4
284.69,0.0,0,4
285.61,0.0,0,4
286.53,0.0,0,4
287.45,0.0,0,4
288.37,195.8,17,4
289.29,196.2,18,4
290.20,196.2,15,4
291.12,196.2,12,4
292.04,196.2,12,4
292.96,196.2,12,4
293.88,192.2,10,4
294.80,0.0,0,4
295.71,0.0,0,4
296.63,0.0,0,4
297.55,0.0,0,4
298.47,0.0,0,4
299.39,0.0,0,4
300.31,0.0,0,4
301.22,0.0,0,4
302.14,0.0,0,4
303.06,0.0,0,4
303.98,704.5,227,4
304.90,704.5,187,4
305.82,704.5,170,4
306.73,704.5,162,4
307.65,704.5,139,4
308.57,704.5,122,4
309.49,704.8,87,4
310.41,704.5,76,4
311.33,704.5,60,4
312.24,704.5,44,4
313.16,704.5,34,4
314.08,704.8,18,4
315.00,896.5,43,4
315.92,896.5,70,4
316.84,896.5,83,4
317.76,896.5,124,4
318.67,896.5,146,4
319.59,896.5,181,4
320.51,896.5,197,4
321.43,896.5,204,4
322.35,896.2,225,4
323.27,896.0,146,4
324.18,960.0,22,4
325.10,896.2,193,4
326.02,960.2,80,4
326.94,960.2,16,4
327.86,960.2,141,4
328.78,960.0,123,4
329.69,960.0,140,4
330.61,960.2,220,4
331.53,960.0,212,4
332.45,1024.0,55,4
333.37,1024.0,79,4
334.29,1024.0,79,4
335.20,1024.2,101,4
336.12,1024.0,171,4
337.04,1024.0,241,4
337.96,1088.2,32,4
338.88,1088.0,85,4
339.80,1088.0,250,4
340.71,1152.2,98,4
341.63,1152.2,210,4
342.55,1216.2,31,4
343.47,1216.2,98,4
344.39,1216.2,168,4
345.31,1216.2,250,4
346.22,1280.0,65,4
347.14,4.2,236,4
348.06,0.0,0,4
348.98,5.8,229,4
349.90,12.5,229,4
350.82,3.0,232,4
351.73,0.0,0,4
352.65,0.0,0,4
353.57,0.0,0,4
354.49,0.0,0,4
355.41,0.0,0,4
356.33,0.0,0,4
357.24,0.0,0,4
358.16,9.0,206,4
359.08,0.0,0,4
0.00,0.0,0,5
0.90,0.0,0,5
1.80,0.0,0,5
2.70,0.0,0,5
3.60,8.8,183,5
4.50,0.0,0,5
5.40,0.0,0,5
6.30,0.0,0,5
7.20,4.5,145,5
8.10,0.0,0,5
9.00,11.8,130,5
9.90,0.0,0,5
10.80,0.0,0,5
11.70,0.0,0,5
12.60,0.0,0,5
13.50,0.0,0,5
14.40,14.2,130,5
15.30,0.0,0,5
16.20,0.0,0,5
17.10,0.0,0,5
18.00,0.0,0,5
18.90,0.0,0,5
19.80,0.0,0,5
20.70,0.0,0,5
21.60,0.0,0,5
22.50,0.0,0,5
23.40,19.5,119,5
24.30,0.0,0,5
25.20,18.5,120,5
26.10,0.0,0,5
27.00,0.0,0,5
27.90,0.0,0,5
28.80,0.0,0,5
29.70,0.0,0,5
30.60,0.0,0,5
31.50,0.0,0,5
32.40,0.0,0,5
33.30,0.0,0,5
34.20,0.0,0,5
35.10,0.0,0,5
36.00,0.0,0,5
36.90,0.0,0,5
37.80,0.0,0,5
38.70,0.0,0,5
39.60,0.0,0,5
40.50,0.0,0,5
41.40,65.0,46,5
42.30,68.5,35,5
43.20,68.0,29,5
44.10,70.0,26,5
45.00,0.0,0,5
45.90,68.0,25,5
46.80,0.0,0,5
47.70,68.8,27,5
48.60,67.5,29,5
49.50,67.5,30,5
50.40,67.0,32,5
51.30,0.0,0,5
52.20,0.0,0,5
53.10,0.0,0,5
54.00,0.0,0,5
54.90,0.0,0,5
55.80,0.0,0,5
56.70,0.0,0,5
57.60,0.0,0,5
58.50,0.0,0,5
59.40,0.0,0,5
60.30,0.0,0,5
61.20,0.0,0,5
62.10,2.0,238,5
63.00,0.0,0,5
63.90,0.0,0,5
64.80,3.0,233,5
65.70,3.0,232,5
66.60,3.0,230,5
67.50,0.0,0,5
68.40,3.0,226,5
69.30,0.0,0,5
70.20,3.0,222,5
71.10,0.0,0,5
72.00,0.0,0,5
72.90,3.2,219,5
73.80,3.0,218,5
74.70,0.0,0,5
75.60,0.0,0,5
76.50,0.0,0,5
77.40,0.0,0,5
78.30,3.5,212,5
79.20,4.0,211,5
80.10,0.0,0,5
81.00,4.5,208,5
81.90,0.0,0,5
82.80,4.0,207,5
83.70,0.0,0,5
84.60,0.0,0,5
85.50,0.0,0,5
86.40,0.0,0,5
87.30,0.0,0,5
88.20,0.0,0,5
89.10,0.0,0,5
90.00,0.0,0,5
90.90,0.0,0,5
91.80,0.0,0,5
92.70,0.0,0,5
93.60,4.5,202,5
94.50,0.0,0,5
95.40,0.0,0,5
96.30,4.0,202,5
97.20,0.0,0,5
98.10,0.0,0,5
99.00,2.5,201,5
99.90,4.2,202,5
100.80,0.0,0,5
101.70,0.0,0,5
102.60,0.0,0,5
103.50,3.8,204,5
104.40,0.0,0,5
105.30,0.0,0,5
106.20,0.0,0,5
107.10,0.0,0,5
108.00,3.8,207,5
108.90,0.0,0,5
109.80,4.0,209,5
110.70,0.0,0,5
111.60,0.0,0,5
112.50,0.0,0,5
113.40,0.0,0,5
114.30,0.0,0,5
115.20,0.0,0,5
116.10,0.0,0,5
117.00,0.0,0,5
117.90,0.0,0,5
118.80,0.0,0,5
119.70,3.2,222,5
120.60,0.0,0,5
121.50,3.0,225,5
122.40,3.8,225,5
123.30,3.2,228,5
124.20,0.0,0,5
125.10,0.0,0,5
126.00,3.0,233,5
126.90,3.2,236,5
127.80,0.0,0,5
128.70,3.0,240,5
129.60,0.0,0,5
130.50,0.0,0,5
131.40,2.8,248,5
132.30,0.0,0,5
133.20,0.0,0,5
134.10,0.0,0,5
135.00,0.0,0,5
135.90,66.5,6,5
136.80,66.8,10,5
137.70,0.0,0,5
138.60,0.0,0,5
139.50,66.2,21,5
140.40,12.2,179,5
141.30,18.5,176,5
142.20,19.8,172,5
143.10,0.0,0,5
144.00,0.0,0,5
144.90,0.0,0,5
145.80,0.0,0,5
146.70,0.0,0,5
147.60,0.0,0,5
148.50,0.0,0,5
149.40,0.0,0,5
150.30,0.0,0,5
151.20,0.0,0,5
152.10,0.0,0,5
153.00,0.0,0,5
153.90,0.0,0,5
154.80,0.0,0,5
155.70,0.0,0,5
156.60,0.0,0,5
157.50,0.0,0,5
158.40,0.0,0,5
159.30,0.0,0,5
160.20,0.0,0,5
161.10,0.0,0,5
162.00,0.0,0,5
162.90,0.0,0,5
163.80,0.0,0,5
164.70,29.5,95,5
165.60,0.0,0,5
166.50,0.0,0,5
167.40,0.0,0,5
168.30,0.0,0,5
169.20,0.0,0,5
170.10,0.0,0,5
171.00,0.0,0,5
171.90,0.0,0,5
172.80,0.0,0,5
173.70,0.0,0,5
174.60,0.0,0,5
175.50,0.0,0,5
176.40,0.0,0,5
177.30,0.0,0,5
178.20,0.0,0,5
179.10,0.0,0,5
180.00,0.0,0,5
180.90,0.0,0,5
181.80,0.0,0,5
182.70,0.0,0,5
183.60,0.0,0,5
184.50,0.0,0,5
185.40,0.0,0,5
186.30,0.0,0,5
187.20,0.0,0,5
188.10,0.0,0,5
189.00,0.0,0,5
189.90,0.0,0,5
190.80,0.0,0,5
191.70,0.0,0,5
192.60,0.0,0,5
193.50,0.0,0,5
194.40,0.0,0,5
195.30,0.0,0,5
196.20,0.0,0,5
197.10,0.0,0,5
198.00,0.0,0,5
198.90,0.0,0,5
199.80,0.0,0,5
200.70,0.0,0,5
201.60,0.0,0,5
202.50,0.0,0,5
203.40,0.0,0,5
204.30,0.0,0,5
205.20,0.0,0,5
206.10,0.0,0,5
207.00,0.0,0,5
207.90,0.0,0,5
208.80,0.0,0,5
209.70,0.0,0,5
210.60,0.0,0,5
211.50,0.0,0,5
212.40,0.0,0,5
213.30,0.0,0,5
214.20,0.0,0,5
215.10,0.0,0,5
216.00,0.0,0,5
216.90,0.0,0,5
217.80,0.0,0,5
218.70,0.0,0,5
219.60,70.0,255,5
220.50,135.0,4,5
221.40,135.2,6,5
222.30,135.2,8,5
223.20,135.2,12,5
224.10,134.8,14,5
225.00,135.0,17,5
225.90,134.8,20,5
226.80,135.0,23,5
227.70,134.5,27,5
228.60,134.8,31,5
229.50,134.2,35,5
230.40,134.2,39,5
231.30,134.5,44,5
232.20,134.2,48,5
233.10,134.2,53,5
234.00,134.2,57,5
234.90,134.2,63,5
235.80,134.0,69,5
236.70,134.0,73,5
237.60,134.0,79,5
238.50,131.8,80,5
239.40,67.0,251,5
240.30,69.5,249,5
241.20,69.0,245,5
242.10,71.2,242,5
243.00,70.8,244,5
243.90,70.0,249,5
244.80,129.5,7,5
245.70,128.8,63,5
246.60,129.0,65,5
247.50,128.8,64,5
248.40,128.8,64,5
249.30,0.0,0,5
250.20,128.2,65,5
251.10,0.0,0,5
252.00,0.0,0,5
252.90,0.0,0,5
253.80,0.0,0,5
254.70,0.0,0,5
255.60,0.0,0,5
256.50,0.0,0,5
257.40,128.8,73,5
258.30,0.0,0,5
259.20,0.0,0,5
260.10,0.0,0,5
261.00,0.0,0,5
261.90,0.0,0,5
262.80,0.0,0,5
263.70,0.0,0,5
264.60,0.0,0,5
265.50,0.0,0,5
266.40,0.0,0,5
267.30,0.0,0,5
268.20,0.0,0,5
269.10,0.0,0,5
270.00,0.0,0,5
270.90,0.0,0,5
271.80,0.0,0,5
272.70,0.0,0,5
273.60,0.0,0,5
274.50,0.0,0,5
275.40,0.0,0,5
276.30,0.0,0,5
277.20,0.0,0,5
278.10,0.0,0,5
279.00,0.0,0,5
279.90,0.0,0,5
280.80,0.0,0,5
281.70,0.0,0,5
282.60,0.0,0,5
283.50,0.0,0,5
284.40,0.0,0,5
285.30,0.0,0,5
286.20,195.8,17,5
287.10,196.2,17,5
288.00,196.2,15,5
288.90,196.2,12,5
289.80,196.2,12,5
290.70,196.2,13,5
291.60,192.2,11,5
292.50,0.0,0,5
293.40,0.0,0,5
294.30,0.0,0,5
295.20,0.0,0,5
296.10,0.0,0,5
297.00,0.0,0,5
297.90,0.0,0,5
298.80,0.0,0,5
299.70,0.0,0,5
300.60,0.0,0,5
301.50,704.5,227,5
302.40,704.5,202,5
303.30,704.5,177,5
304.20,704.5,162,5
305.10,704.5,147,5
306.00,704.5,128,5
306.90,704.5,105,5
307.80,704.5,77,5
308.70,704.8,67,5
309.60,704.5,50,5
310.50,704.5,35,5
311.40,704.0,67,5
312.30,704.2,48,5
313.20,896.2,61,5
314.10,896.5,80,5
315.00,896.5,113,5
315.90,896.5,140,5
316.80,896.5,162,5
317.70,896.5,189,5
318.60,896.5,204,5
319.50,896.5,218,5
320.40,896.0,153,5
321.30,896.0,198,5
322.20,896.0,236,5
323.10,896.0,196,5
324.00,960.0,62,5
324.90,960.0,27,5
325.80,960.2,159,5
326.70,960.2,120,5
327.60,960.0,163,5
328.50,960.2,243,5
329.40,960.2,222,5
330.30,1024.2,54,5
331.20,1024.0,89,5
332.10,1024.0,66,5
333.00,1024.0,189,5
333.90,1024.2,182,5
334.80,1088.0,4,5
335.70,1088.0,39,5
336.60,1088.0,97,5
337.50,1152.2,42,5
338.40,1152.2,122,5
339.30,1152.2,223,5
340.20,1216.2,45,5
341.10,1216.2,113,5
342.00,1216.2,185,5
342.90,1280.2,14,5
343.80,0.0,0,5
344.70,11.2,231,5
345.60,11.8,231,5
346.50,9.2,226,5
347.40,0.0,0,5
348.30,0.0,0,5
349.20,4.2,221,5
350.10,0.0,0,5
351.00,0.0,0,5
351.90,0.0,0,5
352.80,7.2,210,5
353.70,0.0,0,5
354.60,0.0,0,5
355.50,7.2,204,5
356.40,0.0,0,5
357.30,0.0,0,5
358.20,0.0,0,5
359.10,0.0,0,5
0.00,0.0,0,6
0.90,6.8,183,6
1.80,0.0,0,6
2.70,0.0,0,6
3.60,0.0,0,6
4.50,5.0,145,6
5.40,0.0,0,6
6.30,0.0,0,6
7.20,0.0,0,6
8.10,0.0,0,6
9.00,0.0,0,6
9.90,0.0,0,6
10.80,0.0,0,6
11.70,0.0,0,6
12.60,0.0,0,6
13.50,0.0,0,6
14.40,0.0,0,6
15.30,0.0,0,6
16.20,0.0,0,6
17.10,0.0,0,6
18.00,18.0,121,6
18.90,19.5,120,6
19.80,0.0,0,6
20.70,0.0,0,6
21.60,21.2,119,6
22.50,20.8,119,6
23.40,0.0,0,6
24.30,0.0,0,6
25.20,0.0,0,6
26.10,0.0,0,6
27.00,0.0,0,6
27.90,0.0,0,6
28.80,0.0,0,6
29.70,0.0,0,6
30.60,0.0,0,6
31.50,0.0,0,6
32.40,0.0,0,6
33.30,0.0,0,6
34.20,0.0,0,6
35.10,0.0,0,6
36.00,0.0,0,6
36.90,0.0,0,6
37.80,0.0,0,6
38.70,0.0,0,6
39.60,0.0,0,6
40.50,0.0,0,6
41.40,0.0,0,6
42.30,67.5,27,6
43.20,67.5,26,6
44.10,0.0,0,6
45.00,68.8,27,6
45.90,0.0,0,6
46.80,0.0,0,6
47.70,0.0,0,6
48.60,68.0,32,6
49.50,0.0,0,6
50.40,0.0,0,6
51.30,0.0,0,6
52.20,0.0,0,6
53.10,0.0,0,6
54.00,0.0,0,6
54.90,67.2,44,6
55.80,0.0,0,6
56.70,0.0,0,6
57.60,69.2,45,6
58.50,67.8,48,6
59.40,0.0,0,6
60.30,0.0,0,6
61.20,0.0,0,6
62.10,0.0,0,6
63.00,0.0,0,6
63.90,3.0,230,6
64.80,0.0,0,6
65.70,3.5,226,6
66.60,3.2,225,6
67.50,0.0,0,6
68.40,0.0,0,6
69.30,0.0,0,6
70.20,0.0,0,6
71.10,0.0,0,6
72.00,3.5,215,6
72.90,0.0,0,6
73.80,0.0,0,6
74.70,0.0,0,6
75.60,4.5,212,6
76.50,0.0,0,6
77.40,3.5,211,6
78.30,0.0,0,6
79.20,0.0,0,6
80.10,4.0,208,6
81.00,0.0,0,6
81.90,0.0,0,6
82.80,0.0,0,6
83.70,0.0,0,6
84.60,0.0,0,6
85.50,0.0,0,6
86.40,0.0,0,6
87.30,0.0,0,6
88.20,0.0,0,6
89.10,0.0,0,6
90.00,0.0,0,6
90.90,0.0,0,6
91.80,0.0,0,6
92.70,0.0,0,6
93.60,0.0,0,6
94.50,0.0,0,6
95.40,0.0,0,6
96.30,0.0,0,6
97.20,4.0,202,6
98.10,0.0,0,6
99.00,0.0,0,6
99.90,4.0,204,6
100.80,4.2,204,6
101.70,0.0,0,6
102.60,0.0,0,6
103.50,0.0,0,6
104.40,0.0,0,6
105.30,0.0,0,6
106.20,4.0,208,6
107.10,0.0,0,6
108.00,0.0,0,6
108.90,4.0,210,6
109.80,0.0,0,6
110.70,3.8,212,6
111.60,4.2,213,6
112.50,3.8,214,6
113.40,0.0,0,6
114.30,0.0,0,6
115.20,0.0,0,6
116.10,0.0,0,6
117.00,3.5,221,6
117.90,3.2,222,6
118.80,0.0,0,6
119.70,0.0,0,6
120.60,0.0,0,6
121.50,0.0,0,6
122.40,3.0,231,6
123.30,3.0,233,6
124.20,0.0,0,6
125.10,2.8,238,6
126.00,0.0,0,6
126.90,3.0,242,6
127.80,0.0,0,6
128.70,0.0,0,6
129.60,3.0,250,6
130.50,0.0,0,6
131.40,2.8,255,6
132.30,0.0,0,6
133.20,0.0,0,6
134.10,0.0,0,6
135.00,0.0,0,6
135.90,0.0,0,6
136.80,0.0,0,6
137.70,0.0,0,6
138.60,17.0,177,6
139.50,20.2,174,6
140.40,17.2,175,6
141.30,0.0,0,6
142.20,0.0,0,6
143.10,0.0,0,6
144.00,0.0,0,6
144.90,0.0,0,6
145.80,4.0,156,6
146.70,0.0,0,6
147.60,0.0,0,6
148.50,0.0,0,6
149.40,0.0,0,6
150.30,0.0,0,6
151.20,0.0,0,6
152.10,0.0,0,6
153.00,0.0,0,6
153.90,0.0,0,6
154.80,0.0,0,6
155.70,0.0,0,6
156.60,0.0,0,6
157.50,0.0,0,6
158.40,0.0,0,6
159.30,0.0,0,6
160.20,0.0,0,6
161.10,0.0,0,6
162.00,0.0,0,6
162.90,28.2,96,6
163.80,0.0,0,6
164.70,7.8,238,6
165.60,0.0,0,6
166.50,0.0,0,6
167.40,0.0,0,6
168.30,0.0,0,6
169.20,0.0,0,6
170.10,0.0,0,6
171.00,0.0,0,6
171.90,65.5,48,6
172.80,0.0,0,6
173.70,0.0,0,6
174.60,0.0,0,6
175.50,0.0,0,6
176.40,0.0,0,6
177.30,0.0,0,6
178.20,0.0,0,6
179.10,0.0,0,6
180.00,0.0,0,6
180.90,0.0,0,6
181.80,0.0,0,6
182.70,0.0,0,6
183.60,0.0,0,6
184.50,0.0,0,6
185.40,0.0,0,6
186.30,0.0,0,6
187.20,0.0,0,6
188.10,0.0,0,6
189.00,0.0,0,6
189.90,0.0,0,6
190.80,0.0,0,6
191.70,0.0,0,6
192.60,0.0,0,6
193.50,0.0,0,6
194.40,0.0,0,6
195.30,0.0,0,6
196.20,0.0,0,6
197.10,0.0,0,6
198.00,0.0,0,6
198.90,0.0,0,6
199.80,0.0,0,6
200.70,0.0,0,6
201.60,0.0,0,6
202.50,0.0,0,6
203.40,0.0,0,6
204.30,0.0,0,6
205.20,0.0,0,6
206.10,0.0,0,6
207.00,0.0,0,6
207.90,0.0,0,6
208.80,0.0,0,6
209.70,0.0,0,6
210.60,0.0,0,6
211.50,0.0,0,6
212.40,0.0,0,6
213.30,0.0,0,6
214.20,0.0,0,6
215.10,0.0,0,6
216.00,0.0,0,6
216.90,0.0,0,6
217.80,134.2,1,6
218.70,135.0,4,6
219.60,135.0,7,6
220.50,135.2,9,6
221.40,135.0,12,6
222.30,134.8,14,6
223.20,134.8,18,6
224.10,135.0,20,6
225.00,135.0,24,6
225.90,134.5,28,6
226.80,134.8,31,6
227.70,134.5,35,6
228.60,134.2,39,6
229.50,134.5,44,6
230.40,134.2,48,6
231.30,134.2,53,6
232.20,134.0,58,6
233.10,134.2,63,6
234.00,133.8,70,6
234.90,133.8,73,6
235.80,134.0,80,6
236.70,132.8,82,6
237.60,68.0,253,6
238.50,68.5,249,6
239.40,68.0,245,6
240.30,71.2,242,6
241.20,70.5,244,6
242.10,70.0,250,6
243.00,0.0,0,6
243.90,128.8,64,6
244.80,129.0,64,6
245.70,128.8,64,6
246.60,128.8,64,6
247.50,128.5,65,6
248.40,0.0,0,6
249.30,0.0,0,6
250.20,0.0,0,6
251.10,0.0,0,6
252.00,0.0,0,6
252.90,0.0,0,6
253.80,0.0,0,6
254.70,0.0,0,6
255.60,129.0,72,6
256.50,0.0,0,6
257.40,0.0,0,6
258.30,0.0,0,6
259.20,0.0,0,6
260.10,0.0,0,6
261.00,0.0,0,6
261.90,0.0,0,6
262.80,0.0,0,6
263.70,0.0,0,6
264.60,0.0,0,6
265.50,0.0,0,6
266.40,0.0,0,6
267.30,0.0,0,6
268.20,0.0,0,6
269.10,0.0,0,6
270.00,0.0,0,6
270.90,0.0,0,6
271.80,0.0,0,6
272.70,0.0,0,6
273.60,0.0,0,6
274.50,0.0,0,6
275.40,0.0,0,6
276.30,0.0,0,6
277.20,0.0,0,6
278.10,0.0,0,6
279.00,0.0,0,6
279.90,0.0,0,6
280.80,0.0,0,6
281.70,0.0,0,6
282.60,0.0,0,6
283.50,0.0,0,6
284.40,196.2,19,6
285.30,196.2,18,6
286.20,196.0,15,6
287.10,196.2,14,6
288.00,196.2,13,6
288.90,196.2,12,6
289.80,192.2,14,6
290.70,0.0,0,6
291.60,0.0,0,6
292.50,0.0,0,6
293.40,0.0,0,6
294.30,0.0,0,6
295.20,0.0,0,6
296.10,0.0,0,6
297.00,0.0,0,6
297.90,0.0,0,6
298.80,0.0,0,6
299.70,704.5,226,6
300.60,704.5,188,6
301.50,704.5,173,6
302.40,704.5,163,6
303.30,704.5,143,6
304.20,704.5,124,6
305.10,704.5,97,6
306.00,704.8,75,6
306.90,704.5,62,6
307.80,704.5,42,6
308.70,704.8,32,6
309.60,704.5,33,6
310.50,896.2,51,6
311.40,896.5,75,6
312.30,896.5,85,6
313.20,896.5,115,6
314.10,896.5,138,6
315.00,896.5,170,6
315.90,896.5,193,6
316.80,896.5,201,6
317.70,896.5,222,6
318.60,896.2,143,6
319.50,960.0,8,6
320.40,896.0,195,6
321.30,960.0,68,6
322.20,960.0,60,6
323.10,960.0,118,6
324.00,960.0,156,6
324.90,960.2,121,6
325.80,960.0,199,6
326.70,960.2,218,6
327.60,960.0,223,6
328.50,1024.5,81,6
329.40,1024.0,101,6
330.30,1024.0,83,6
331.20,1024.0,183,6
332.10,1024.0,187,6
333.00,1088.0,40,6
333.90,1088.0,73,6
334.80,1088.0,129,6
335.70,1152.2,40,6
336.60,1152.2,156,6
337.50,1152.2,225,6
338.40,1216.2,61,6
339.30,1216.2,134,6
340.20,1216.2,209,6
341.10,0.0,0,6
342.00,0.0,0,6
342.90,8.5,235,6
343.80,0.0,0,6
344.70,0.0,0,6
345.60,0.0,0,6
346.50,4.5,215,6
347.40,0.0,0,6
348.30,7.2,213,6
349.20,0.0,0,6
350.10,0.0,0,6
351.00,0.0,0,6
351.90,0.0,0,6
352.80,0.0,0,6
353.70,0.0,0,6
354.60,0.0,0,6
355.50,0.0,0,6
356.40,0.0,0,6
357.30,6.5,189,6
358.20,0.0,0,6
359.10,7.8,183,6
0.00,0.0,0,7
0.92,0.0,0,7
1.84,0.0,0,7
2.76,0.0,0,7
3.67,0.0,0,7
4.59,0.0,0,7
5.51,0.0,0,7
6.43,17.2,128,7
7.35,0.0,0,7
8.27,0.0,0,7
9.18,0.0,0,7
10.10,0.0,0,7
11.02,0.0,0,7
11.94,0.0,0,7
12.86,0.0,0,7
13.78,0.0,0,7
14.69,0.0,0,7
15.61,0.0,0,7
16.53,0.0,0,7
17.45,0.0,0,7
18.37,18.8,119,7
19.29,17.5,119,7
20.20,0.0,0,7
21.12,0.0,0,7
22.04,0.0,0,7
22.96,0.0,0,7
23.88,13.5,120,7
24.80,0.0,0,7
25.71,0.0,0,7
26.63,0.0,0,7
27.55,0.0,0,7
28.47,0.0,0,7
29.39,0.0,0,7
30.31,0.0,0,7
31.22,0.0,0,7
32.14,0.0,0,7
33.06,0.0,0,7
33.98,0.0,0,7
34.90,0.0,0,7
35.82,0.0,0,7
36.73,0.0,0,7
37.65,0.0,0,7
38.57,0.0,0,7
39.49,67.8,29,7
40.41,0.0,0,7
41.33,0.0,0,7
42.24,0.0,0,7
43.16,67.2,27,7
44.08,0.0,0,7
45.00,68.5,29,7
45.92,0.0,0,7
46.84,0.0,0,7
47.76,0.0,0,7
48.67,0.0,0,7
49.59,0.0,0,7
50.51,0.0,0,7
51.43,0.0,0,7
52.35,68.8,41,7
53.27,0.0,0,7
54.18,0.0,0,7
55.10,0.0,0,7
56.02,0.0,0,7
56.94,0.0,0,7
57.86,0.0,0,7
58.78,0.0,0,7
59.69,0.0,0,7
60.61,0.0,0,7
61.53,0.0,0,7
62.45,0.0,0,7
63.37,0.0,0,7
64.29,3.0,230,7
65.20,3.0,226,7
66.12,0.0,0,7
67.04,0.0,0,7
67.96,3.2,221,7
68.88,3.0,220,7
69.80,0.0,0,7
70.71,4.0,217,7
71.63,0.0,0,7
72.55,0.0,0,7
73.47,0.0,0,7
74.39,3.8,213,7
75.31,4.0,212,7
76.22,0.0,0,7
77.14,3.2,210,7
78.06,0.0,0,7
78.98,0.0,0,7
79.90,4.0,207,7
80.82,0.0,0,7
81.73,0.0,0,7
82.65,0.0,0,7
83.57,0.0,0,7
84.49,0.0,0,7
85.41,0.0,0,7
86.33,0.0,0,7
87.24,0.0,0,7
88.16,0.0,0,7
89.08,0.0,0,7
90.00,0.0,0,7
90.92,0.0,0,7
91.84,0.0,0,7
92.76,0.0,0,7
93.67,0.0,0,7
94.59,0.0,0,7
95.51,3.2,204,7
96.43,0.0,0,7
97.35,4.2,202,7
98.27,0.0,0,7
99.18,0.0,0,7
100.10,4.0,204,7
101.02,0.0,0,7
101.94,0.0,0,7
102.86,0.0,0,7
103.78,0.0,0,7
104.69,0.0,0,7
105.61,0.0,0,7
106.53,0.0,0,7
107.45,0.0,0,7
108.37,3.8,210,7
109.29,4.0,210,7
110.20,4.2,211,7
111.12,4.0,213,7
112.04,3.8,213,7
112.96,0.0,0,7
113.88,3.8,216,7
114.80,0.0,0,7
115.71,0.0,0,7
116.63,0.0,0,7
117.55,0.0,0,7
118.47,3.2,222,7
119.39,0.0,0,7
120.31,0.0,0,7
121.22,0.0,0,7
122.14,0.0,0,7
123.06,3.0,231,7
123.98,0.0,0,7
124.90,0.0,0,7
125.82,2.8,238,7
126.73,0.0,0,7
127.65,0.0,0,7
128.57,0.0,0,7
129.49,0.0,0,7
130.41,0.0,0,7
131.33,2.5,253,7
132.24,0.0,0,7
133.16,0.0,0,7
134.08,0.0,0,7
135.00,0.0,0,7
135.92,0.0,0,7
136.84,0.0,0,7
137.76,0.0,0,7
138.67,0.0,0,7
139.59,15.5,176,7
140.51,21.5,173,7
141.43,18.0,177,7
142.35,0.0,0,7
143.27,0.0,0,7
144.18,0.0,0,7
145.10,0.0,0,7
146.02,0.0,0,7
146.94,0.0,0,7
147.86,0.0,0,7
148.78,0.0,0,7
149.69,0.0,0,7
150.61,0.0,0,7
151.53,0.0,0,7
152.45,0.0,0,7
153.37,0.0,0,7
154.29,0.0,0,7
155.20,0.0,0,7
156.12,0.0,0,7
157.04,0.0,0,7
157.96,0.0,0,7
158.88,0.0,0,7
159.80,0.0,0,7
160.71,0.0,0,7
161.63,0.0,0,7
162.55,0.0,0,7
163.47,29.5,95,7
164.39,27.0,97,7
165.31,0.0,0,7
166.22,5.5,237,7
167.14,0.0,0,7
168.06,0.0,0,7
168.98,0.0,0,7
169.90,0.0,0,7
170.82,0.0,0,7
171.73,0.0,0,7
172.65,0.0,0,7
173.57,0.0,0,7
174.49,0.0,0,7
175.41,0.0,0,7
176.33,0.0,0,7
177.24,0.0,0,7
178.16,0.0,0,7
179.08,0.0,0,7
180.00,0.0,0,7
180.92,0.0,0,7
181.84,0.0,0,7
182.76,0.0,0,7
183.67,0.0,0,7
184.59,0.0,0,7
185.51,0.0,0,7
186.43,0.0,0,7
187.35,0.0,0,7
188.27,0.0,0,7
189.18,0.0,0,7
190.10,0.0,0,7
191.02,0.0,0,7
191.94,0.0,0,7
192.86,0.0,0,7
193.78,0.0,0,7
194.69,0.0,0,7
195.61,0.0,0,7
196.53,0.0,0,7
197.45,0.0,0,7
198.37,0.0,0,7
199.29,0.0,0,7
200.20,0.0,0,7
201.12,0.0,0,7
202.04,0.0,0,7
202.96,0.0,0,7
203.88,0.0,0,7
204.80,0.0,0,7
205.71,0.0,0,7
206.63,0.0,0,7
207.55,0.0,0,7
208.47,0.0,0,7
209.39,0.0,0,7
210.31,0.0,0,7
211.22,0.0,0,7
212.14,0.0,0,7
213.06,0.0,0,7
213.98,0.0,0,7
214.90,0.0,0,7
215.82,0.0,0,7
216.73,0.0,0,7
217.65,0.0,0,7
218.57,0.0,0,7
219.49,68.5,253,7
220.41,135.0,4,7
221.33,135.2,6,7
222.24,135.2,8,7
223.16,135.2,12,7
224.08,135.0,15,7
225.00,135.0,17,7
225.92,135.0,20,7
226.84,135.0,23,7
227.76,134.5,27,7
228.67,135.0,31,7
229.59,134.5,35,7
230.51,134.2,39,7
231.43,134.5,44,7
232.35,134.2,48,7
233.27,134.5,53,7
234.18,134.0,57,7
235.10,134.2,64,7
236.02,133.8,70,7
236.94,134.0,73,7
237.86,134.0,80,7
238.78,133.0,83,7
239.69,68.2,253,7
240.61,68.2,250,7
241.53,67.5,246,7
242.45,71.2,242,7
243.37,70.2,244,7
244.29,70.0,251,7
245.20,128.5,9,7
246.12,128.8,64,7
247.04,129.2,61,7
247.96,128.8,65,7
248.88,128.8,64,7
249.80,128.5,66,7
250.71,0.0,0,7
251.63,0.0,0,7
252.55,0.0,0,7
253.47,0.0,0,7
254.39,0.0,0,7
255.31,0.0,0,7
256.22,0.0,0,7
257.14,0.0,0,7
258.06,129.5,75,7
258.98,0.0,0,7
259.90,0.0,0,7
260.82,0.0,0,7
261.73,0.0,0,7
262.65,0.0,0,7
263.57,0.0,0,7
264.49,0.0,0,7
265.41,0.0,0,7
266.33,0.0,0,7
267.24,0.0,0,7
268.16,0.0,0,7
269.08,0.0,0,7
270.00,0.0,0,7
270.92,0.0,0,7
271.84,0.0,0,7
272.76,0.0,0,7
273.67,0.0,0,7
274.59,0.0,0,7
275.51,0.0,0,7
276.43,0.0,0,7
277.35,0.0,0,7
278.27,0.0,0,7
279.18,0.0,0,7
280.10,0.0,0,7
281.02,0.0,0,7
281.94,0.0,0,7
282.86,0.0,0,7
283.78,0.0,0,7
284.69,0.0,0,7
285.61,0.0,0,7
286.53,0.0,0,7
287.45,196.2,16,7
288.37,196.5,15,7
289.29,196.0,13,7
290.20,196.0,13,7
291.12,196.2,11,7
292.04,194.0,18,7
292.96,192.2,14,7
293.88,0.0,0,7
294.80,0.0,0,7
295.71,0.0,0,7
296.63,0.0,0,7
297.55,0.0,0,7
298.47,0.0,0,7
299.39,0.0,0,7
300.31,0.0,0,7
301.22,0.0,0,7
302.14,704.5,225,7
303.06,704.5,203,7
303.98,704.8,181,7
304.90,704.5,157,7
305.82,704.5,147,7
306.73,704.5,127,7
307.65,704.5,106,7
308.57,704.5,74,7
309.49,704.5,63,7
310.41,704.5,50,7
311.33,704.8,35,7
312.24,704.0,31,7
313.16,896.0,55,7
314.08,896.2,64,7
315.00,896.5,82,7
315.92,896.5,117,7
316.84,896.5,139,7
317.76,896.5,171,7
318.67,896.5,192,7
319.59,896.5,204,7
320.51,896.2,223,7
321.43,896.2,139,7
322.35,896.0,255,7
323.27,896.0,208,7
324.18,960.0,49,7
325.10,960.0,42,7
326.02,960.0,126,7
326.94,960.0,153,7
327.86,960.2,121,7
328.78,960.0,211,7
329.69,960.2,223,7
330.61,960.0,231,7
331.53,1024.2,78,7
332.45,1024.0,112,7
333.37,1024.0,103,7
334.29,1024.0,166,7
335.20,1024.0,192,7
336.12,1088.0,20,7
337.04,1088.0,85,7
337.96,1088.0,129,7
338.88,1152.2,66,7
339.80,1152.2,171,7
340.71,1216.2,8,7
341.63,1216.2,89,7
342.55,1216.2,146,7
343.47,5.2,231,7
344.39,0.0,0,7
345.31,0.0,0,7
346.22,0.0,0,7
347.14,4.8,218,7
348.06,0.0,0,7
348.98,12.5,214,7
349.90,15.2,215,7
350.82,0.0,0,7
351.73,0.0,0,7
352.65,0.0,0,7
353.57,0.0,0,7
354.49,7.2,204,7
355.41,5.8,201,7
356.33,8.2,200,7
357.24,0.0,0,7
358.16,0.0,0,7
359.08,0.0,0,7
0.00,0.0,0,8
0.90,6.8,187,8
1.80,0.0,0,8
2.70,0.0,0,8
3.60,0.0,0,8
4.50,0.0,0,8
5.40,0.0,0,8
6.30,0.0,0,8
7.20,0.0,0,8
8.10,0.0,0,8
9.00,0.0,0,8
9.90,0.0,0,8
10.80,18.5,128,8
11.70,16.5,128,8
12.60,0.0,0,8
13.50,0.0,0,8
14.40,0.0,0,8
15.30,11.5,132,8
16.20,0.0,0,8
17.10,0.0,0,8
18.00,0.0,0,8
18.90,0.0,0,8
19.80,0.0,0,8
20.70,0.0,0,8
21.60,0.0,0,8
22.50,0.0,0,8
23.40,19.0,119,8
24.30,0.0,0,8
25.20,0.0,0,8
26.10,14.0,120,8
27.00,0.0,0,8
27.90,0.0,0,8
28.80,0.0,0,8
29.70,0.0,0,8
30.60,0.0,0,8
31.50,0.0,0,8
32.40,0.0,0,8
33.30,0.0,0,8
34.20,0.0,0,8
35.10,0.0,0,8
36.00,0.0,0,8
36.90,0.0,0,8
37.80,0.0,0,8
38.70,0.0,0,8
39.60,0.0,0,8
40.50,66.0,35,8
41.40,68.5,28,8
42.30,68.8,26,8
43.20,68.0,27,8
44.10,0.0,0,8
45.00,0.0,0,8
45.90,0.0,0,8
46.80,67.8,29,8
47.70,67.8,30,8
48.60,67.2,32,8
49.50,0.0,0,8
50.40,0.0,0,8
51.30,0.0,0,8
52.20,0.0,0,8
53.10,0.0,0,8
54.00,0.0,0,8
54.90,0.0,0,8
55.80,68.2,43,8
56.70,67.5,44,8
57.60,67.5,44,8
58.50,0.0,0,8
59.40,0.0,0,8
60.30,0.0,0,8
61.20,2.8,237,8
62.10,0.0,0,8
63.00,0.0,0,8
63.90,0.0,0,8
64.80,0.0,0,8
65.70,0.0,0,8
66.60,3.5,227,8
67.50,3.0,226,8
68.40,0.0,0,8
69.30,3.2,223,8
70.20,3.2,221,8
71.10,0.0,0,8
72.00,0.0,0,8
72.90,0.0,0,8
73.80,0.0,0,8
74.70,0.0,0,8
75.60,0.0,0,8
76.50,3.8,212,8
77.40,0.0,0,8
78.30,0.0,0,8
79.20,0.0,0,8
80.10,0.0,0,8
81.00,0.0,0,8
81.90,0.0,0,8
82.80,3.8,207,8
83.70,0.0,0,8
84.60,0.0,0,8
85.50,3.8,204,8
86.40,0.0,0,8
87.30,4.0,203,8
88.20,0.0,0,8
89.10,4.5,203,8
90.00,0.0,0,8
90.90,0.0,0,8
91.80,0.0,0,8
92.70,0.0,0,8
93.60,0.0,0,8
94.50,0.0,0,8
95.40,3.8,203,8
96.30,3.8,203,8
97.20,13.5,109,8
98.10,3.5,202,8
99.00,0.0,0,8
99.90,4.0,203,8
100.80,0.0,0,8
101.70,0.0,0,8
102.60,0.0,0,8
103.50,0.0,0,8
104.40,0.0,0,8
105.30,0.0,0,8
106.20,0.0,0,8
107.10,0.0,0,8
108.00,0.0,0,8
108.90,3.8,209,8
109.80,0.0,0,8
110.70,4.0,211,8
111.60,4.2,212,8
112.50,0.0,0,8
113.40,4.2,214,8
114.30,0.0,0,8
115.20,0.0,0,8
116.10,0.0,0,8
117.00,0.0,0,8
117.90,0.0,0,8
118.80,0.0,0,8
119.70,0.0,0,8
120.60,3.2,225,8
121.50,3.2,226,8
122.40,0.0,0,8
123.30,0.0,0,8
124.20,3.0,232,8
125.10,0.0,0,8
126.00,3.2,236,8
126.90,0.0,0,8
127.80,3.0,241,8
128.70,0.0,0,8
129.60,0.0,0,8
130.50,0.0,0,8
131.40,3.0,250,8
132.30,0.0,0,8
133.20,66.8,0,8
134.10,0.0,0,8
135.00,66.5,6,8
135.90,0.0,0,8
136.80,0.0,0,8
137.70,66.2,17,8
138.60,0.0,0,8
139.50,0.0,0,8
140.40,19.2,175,8
141.30,21.2,172,8
142.20,0.0,0,8
143.10,0.0,0,8
144.00,0.0,0,8
144.90,0.0,0,8
145.80,0.0,0,8
146.70,0.0,0,8
147.60,0.0,0,8
148.50,0.0,0,8
149.40,0.0,0,8
150.30,0.0,0,8
151.20,0.0,0,8
152.10,0.0,0,8
153.00,0.0,0,8
153.90,0.0,0,8
154.80,0.0,0,8
155.70,0.0,0,8
156.60,0.0,0,8
157.50,0.0,0,8
158.40,0.0,0,8
159.30,0.0,0,8
160.20,0.0,0,8
161.10,0.0,0,8
162.00,0.0,0,8
162.90,0.0,0,8
163.80,29.8,95,8
164.70,0.0,0,8
165.60,0.0,0,8
166.50,0.0,0,8
167.40,0.0,0,8
168.30,0.0,0,8
169.20,0.0,0,8
170.10,0.0,0,8
171.00,0.0,0,8
171.90,0.0,0,8
172.80,0.0,0,8
173.70,0.0,0,8
174.60,0.0,0,8
175.50,0.0,0,8
176.40,0.0,0,8
177.30,0.0,0,8
178.20,0.0,0,8
179.10,0.0,0,8
180.00,0.0,0,8
180.90,0.0,0,8
181.80,0.0,0,8
182.70,0.0,0,8
183.60,0.0,0,8
184.50,0.0,0,8
185.40,0.0,0,8
186.30,0.0,0,8
187.20,0.0,0,8
188.10,0.0,0,8
189.00,0.0,0,8
189.90,0.0,0,8
190.80,0.0,0,8
191.70,0.0,0,8
192.60,0.0,0,8
193.50,0.0,0,8
194.40,0.0,0,8
195.30,0.0,0,8
196.20,0.0,0,8
197.10,0.0,0,8
198.00,0.0,0,8
198.90,0.0,0,8
199.80,0.0,0,8
200.70,0.0,0,8
201.60,0.0,0,8
202.50,0.0,0,8
203.40,0.0,0,8
204.30,0.0,0,8
205.20,0.0,0,8
206.10,0.0,0,8
207.00,0.0,0,8
207.90,0.0,0,8
208.80,0.0,0,8
209.70,0.0,0,8
210.60,0.0,0,8
211.50,0.0,0,8
212.40,0.0,0,8
213.30,0.0,0,8
214.20,0.0,0,8
215.10,0.0,0,8
216.00,0.0,0,8
216.90,0.0,0,8
217.80,0.0,0,8
218.70,0.0,0,8
219.60,135.2,1,8
220.50,135.2,4,8
221.40,135.2,6,8
222.30,135.2,9,8
223.20,134.8,12,8
224.10,135.0,15,8
225.00,134.8,18,8
225.90,135.0,21,8
226.80,135.0,24,8
227.70,134.8,28,8
228.60,134.8,31,8
229.50,134.5,36,8
230.40,134.5,39,8
231.30,134.2,45,8
232.20,134.2,49,8
233.10,134.2,54,8
234.00,134.0,58,8
234.90,134.2,64,8
235.80,133.8,70,8
236.70,134.0,73,8
237.60,134.0,80,8
238.50,133.2,83,8
239.40,68.5,253,8
240.30,68.5,250,8
241.20,68.0,246,8
242.10,71.2,242,8
243.00,70.8,245,8
243.90,70.0,250,8
244.80,129.0,8,8
245.70,128.8,64,8
246.60,129.0,64,8
247.50,128.8,64,8
248.40,128.8,63,8
249.30,128.5,66,8
250.20,128.2,65,8
251.10,0.0,0,8
252.00,0.0,0,8
252.90,0.0,0,8
253.80,0.0,0,8
254.70,0.0,0,8
255.60,0.0,0,8
256.50,0.0,0,8
257.40,0.0,0,8
258.30,0.0,0,8
259.20,0.0,0,8
260.10,0.0,0,8
261.00,0.0,0,8
261.90,0.0,0,8
262.80,0.0,0,8
263.70,0.0,0,8
264.60,0.0,0,8
265.50,0.0,0,8
266.40,0.0,0,8
267.30,0.0,0,8
268.20,0.0,0,8
269.10,0.0,0,8
270.00,0.0,0,8
270.90,0.0,0,8
271.80,0.0,0,8
272.70,0.0,0,8
273.60,0.0,0,8
274.50,0.0,0,8
275.40,0.0,0,8
276.30,0.0,0,8
277.20,0.0,0,8
278.10,0.0,0,8
279.00,0.0,0,8
279.90,0.0,0,8
280.80,0.0,0,8
281.70,0.0,0,8
282.60,0.0,0,8
283.50,0.0,0,8
284.40,0.0,0,8
285.30,0.0,0,8
286.20,0.0,0,8
287.10,196.2,17,8
288.00,196.2,15,8
288.90,196.0,12,8
289.80,196.0,13,8
290.70,196.2,13,8
291.60,193.2,21,8
292.50,0.0,0,8
293.40,0.0,0,8
294.30,0.0,0,8
295.20,0.0,0,8
296.10,0.0,0,8
297.00,0.0,0,8
297.90,0.0,0,8
298.80,0.0,0,8
299.70,0.0,0,8
300.60,0.0,0,8
301.50,704.5,231,8
302.40,704.5,200,8
303.30,704.5,180,8
304.20,704.5,160,8
305.10,704.5,148,8
306.00,704.5,141,8
306.90,704.5,113,8
307.80,704.5,87,8
308.70,704.5,65,8
309.60,704.5,53,8
310.50,704.5,40,8
311.40,704.5,32,8
312.30,704.8,21,8
313.20,896.5,48,8
314.10,896.5,76,8
315.00,896.5,96,8
315.90,896.5,117,8
316.80,896.5,149,8
317.70,896.2,173,8
318.60,896.5,191,8
319.50,896.5,205,8
320.40,896.2,218,8
321.30,896.0,147,8
322.20,960.0,22,8
323.10,896.2,193,8
324.00,960.2,93,8
324.90,960.2,24,8
325.80,960.2,129,8
326.70,960.0,138,8
327.60,960.0,140,8
328.50,960.2,223,8
329.40,960.0,218,8
330.30,1024.0,42,8
331.20,1024.2,83,8
332.10,1024.0,146,8
333.00,1024.2,96,8
333.90,1024.0,184,8
334.80,1024.0,221,8
335.70,1088.2,19,8
336.60,1088.0,86,8
337.50,1088.0,128,8
338.40,1152.2,64,8
339.30,1152.2,175,8
340.20,1216.2,10,8
341.10,1216.2,83,8
342.00,1216.2,147,8
342.90,0.0,0,8
343.80,4.8,231,8
344.70,0.0,0,8
345.60,0.0,0,8
346.50,0.0,0,8
347.40,0.0,0,8
348.30,14.5,214,8
349.20,0.0,0,8
350.10,6.2,208,8
351.00,6.8,206,8
351.90,7.2,205,8
352.80,0.0,0,8
353.70,6.8,202,8
354.60,0.0,0,8
355.50,6.2,199,8
356.40,0.0,0,8
357.30,8.5,196,8
358.20,0.0,0,8
359.10,9.8,193,8
0.00,0.0,0,9
0.92,7.0,186,9
1.84,0.0,0,9
2.76,0.0,0,9
3.67,0.0,0,9
4.59,0.0,0,9
5.51,0.0,0,9
6.43,0.0,0,9
7.35,15.0,129,9
8.27,0.0,0,9
9.18,0.0,0,9
10.10,0.0,0,9
11.02,17.5,127,9
11.94,0.0,0,9
12.86,0.0,0,9
13.78,0.0,0,9
14.69,0.0,0,9
15.61,0.0,0,9
16.53,0.0,0,9
17.45,0.0,0,9
18.37,0.0,0,9
19.29,0.0,0,9
20.20,19.0,119,9
21.12,20.5,119,9
22.04,0.0,0,9
22.96,0.0,0,9
23.88,18.5,119,9
24.80,0.0,0,9
25.71,0.0,0,9
26.63,0.0,0,9
27.55,0.0,0,9
28.47,7.8,122,9
29.39,0.0,0,9
30.31,0.0,0,9
31.22,0.0,0,9
32.14,0.0,0,9
33.06,0.0,0,9
33.98,0.0,0,9
34.90,0.0,0,9
35.82,0.0,0,9
36.73,0.0,0,9
37.65,0.0,0,9
38.57,0.0,0,9
39.49,0.0,0,9
40.41,0.0,0,9
41.33,66.0,31,9
42.24,67.5,28,9
43.16,0.0,0,9
44.08,0.0,0,9
45.00,0.0,0,9
45.92,0.0,0,9
46.84,0.0,0,9
47.76,0.0,0,9
48.67,67.5,32,9
49.59,66.2,32,9
50.51,67.5,34,9
51.43,0.0,0,9
52.35,0.0,0,9
53.27,67.0,39,9
54.18,0.0,0,9
55.10,0.0,0,9
56.02,0.0,0,9
56.94,0.0,0,9
57.86,0.0,0,9
58.78,68.0,45,9
59.69,0.0,0,9
60.61,0.0,0,9
61.53,2.2,238,9
62.45,0.0,0,9
63.37,0.0,0,9
64.29,3.2,233,9
65.20,3.2,231,9
66.12,3.0,230,9
67.04,0.0,0,9
67.96,3.0,227,9
68.88,0.0,0,9
69.80,0.0,0,9
70.71,0.0,0,9
71.63,3.2,220,9
72.55,0.0,0,9
73.47,0.0,0,9
74.39,4.0,216,9
75.31,0.0,0,9
76.22,0.0,0,9
77.14,0.0,0,9
78.06,0.0,0,9
78.98,0.0,0,9
79.90,0.0,0,9
80.82,4.2,208,9
81.73,0.0,0,9
82.65,0.0,0,9
83.57,0.0,0,9
84.49,0.0,0,9
85.41,0.0,0,9
86.33,0.0,0,9
87.24,4.0,204,9
88.16,0.0,0,9
89.08,0.0,0,9
90.00,0.0,0,9
90.92,0.0,0,9
91.84,0.0,0,9
92.76,0.0,0,9
93.67,0.0,0,9
94.59,0.0,0,9
95.51,0.0,0,9
96.43,0.0,0,9
97.35,0.0,0,9
98.27,2.0,206,9
99.18,0.0,0,9
100.10,4.5,203,9
101.02,4.2,203,9
101.94,0.0,0,9
102.86,0.0,0,9
103.78,3.8,204,9
104.69,0.0,0,9
105.61,3.8,205,9
106.53,0.0,0,9
107.45,0.0,0,9
108.37,0.0,0,9
109.29,0.0,0,9
110.20,0.0,0,9
111.12,0.0,0,9
112.04,4.2,210,9
112.96,4.0,212,9
113.88,0.0,0,9
114.80,0.0,0,9
115.71,0.0,0,9
116.63,0.0,0,9
117.55,0.0,0,9
118.47,0.0,0,9
119.39,0.0,0,9
120.31,0.0,0,9
121.22,0.0,0,9
122.14,0.0,0,9
123.06,3.5,226,9
123.98,0.0,0,9
124.90,0.0,0,9
125.82,0.0,0,9
126.73,3.0,234,9
127.65,0.0,0,9
128.57,0.0,0,9
129.49,2.8,240,9
130.41,0.0,0,9
131.33,0.0,0,9
132.24,0.0,0,9
133.16,3.0,250,9
134.08,2.8,253,9
135.00,0.0,0,9
135.92,0.0,0,9
136.84,66.5,6,9
137.76,66.8,11,9
138.67,0.0,0,9
139.59,66.2,17,9
140.51,66.2,21,9
141.43,0.0,0,9
142.35,18.2,176,9
143.27,19.2,173,9
144.18,0.0,0,9
145.10,0.0,0,9
146.02,0.0,0,9
146.94,0.0,0,9
147.86,0.0,0,9
148.78,0.0,0,9
149.69,0.0,0,9
150.61,0.0,0,9
151.53,0.0,0,9
152.45,0.0,0,9
153.37,0.0,0,9
154.29,0.0,0,9
155.20,0.0,0,9
156.12,0.0,0,9
157.04,0.0,0,9
157.96,0.0,0,9
158.88,0.0,0,9
159.80,0.0,0,9
160.71,0.0,0,9
161.63,0.0,0,9
162.55,0.0,0,9
163.47,0.0,0,9
164.39,0.0,0,9
165.31,0.0,0,9
166.22,29.2,95,9
167.14,0.0,0,9
168.06,0.0,0,9
168.98,0.0,0,9
169.90,0.0,0,9
170.82,0.0,0,9
171.73,0.0,0,9
172.65,0.0,0,9
173.57,0.0,0,9
174.49,0.0,0,9
175.41,0.0,0,9
176.33,0.0,0,9
177.24,0.0,0,9
178.16,0.0,0,9
179.08,0.0,0,9
180.00,0.0,0,9
180.92,0.0,0,9
181.84,0.0,0,9
182.76,0.0,0,9
183.67,0.0,0,9
184.59,0.0,0,9
185.51,0.0,0,9
186.43,0.0,0,9
187.35,0.0,0,9
188.27,0.0,0,9
189.18,0.0,0,9
190.10,0.0,0,9
191.02,0.0,0,9
191.94,0.0,0,9
192.86,0.0,0,9
193.78,0.0,0,9
194.69,0.0,0,9
195.61,0.0,0,9
196.53,0.0,0,9
197.45,0.0,0,9
198.37,0.0,0,9
199.29,0.0,0,9
200.20,0.0,0,9
201.12,0.0,0,9
202.04,0.0,0,9
202.96,0.0,0,9
203.88,0.0,0,9
204.80,0.0,0,9
205.71,0.0,0,9
206.63,0.0,0,9
207.55,0.0,0,9
208.47,0.0,0,9
209.39,0.0,0,9
210.31,0.0,0,9
211.22,0.0,0,9
212.14,0.0,0,9
213.06,0.0,0,9
213.98,0.0,0,9
214.90,0.0,0,9
215.82,0.0,0,9
216.73,0.0,0,9
217.65,0.0,0,9
218.57,0.0,0,9
219.49,0.0,0,9
220.41,0.0,0,9
221.33,0.0,0,9
222.24,135.2,1,9
223.16,135.2,4,9
224.08,135.2,6,9
225.00,135.2,10,9
225.92,134.8,12,9
226.84,135.0,15,9
227.76,134.8,18,9
228.67,135.0,21,9
229.59,134.8,25,9
230.51,134.8,29,9
231.43,134.5,32,9
232.35,134.5,36,9
233.27,134.2,41,9
234.18,134.2,45,9
235.10,134.2,49,9
236.02,134.2,54,9
236.94,133.5,60,9
237.86,134.0,65,9
238.78,134.0,71,9
239.69,134.0,76,9
240.61,68.8,159,9
241.53,133.5,90,9
242.45,69.8,250,9
243.37,0.0,0,9
244.29,70.2,241,9
245.20,70.8,243,9
246.12,69.5,247,9
247.04,68.2,255,9
247.96,128.5,62,9
248.88,128.5,62,9
249.80,129.2,66,9
250.71,128.8,64,9
251.63,0.0,0,9
252.55,0.0,0,9
253.47,128.5,65,9
254.39,0.0,0,9
255.31,0.0,0,9
256.22,0.0,0,9
257.14,0.0,0,9
258.06,0.0,0,9
258.98,0.0,0,9
259.90,128.5,72,9
260.82,0.0,0,9
261.73,0.0,0,9
262.65,0.0,0,9
263.57,0.0,0,9
264.49,0.0,0,9
265.41,0.0,0,9
266.33,0.0,0,9
267.24,0.0,0,9
268.16,0.0,0,9
269.08,0.0,0,9
270.00,0.0,0,9
270.92,0.0,0,9
271.84,0.0,0,9
272.76,0.0,0,9
273.67,0.0,0,9
274.59,0.0,0,9
275.51,0.0,0,9
276.43,0.0,0,9
277.35,0.0,0,9
278.27,0.0,0,9
279.18,0.0,0,9
280.10,0.0,0,9
281.02,0.0,0,9
281.94,0.0,0,9
282.86,0.0,0,9
283.78,0.0,0,9
284.69,0.0,0,9
285.61,0.0,0,9
286.53,0.0,0,9
287.45,0.0,0,9
288.37,0.0,0,9
289.29,196.2,19,9
290.20,196.2,17,9
291.12,196.0,15,9
292.04,196.2,14,9
292.96,196.2,13,9
293.88,196.2,11,9
294.80,192.2,16,9
295.71,0.0,0,9
296.63,0.0,0,9
297.55,0.0,0,9
298.47,0.0,0,9
299.39,0.0,0,9
300.31,0.0,0,9
301.22,0.0,0,9
302.14,0.0,0,9
303.06,0.0,0,9
303.98,704.2,249,9
304.90,704.5,222,9
305.82,704.5,181,9
306.73,704.5,170,9
307.65,704.5,154,9
308.57,704.5,141,9
309.49,704.5,122,9
310.41,704.8,89,9
311.33,704.5,75,9
312.24,704.5,60,9
313.16,704.5,44,9
314.08,704.5,30,9
315.00,704.8,20,9
315.92,896.2,49,9
316.84,896.2,64,9
317.76,896.5,92,9
318.67,896.5,122,9
319.59,896.5,151,9
320.51,896.2,169,9
321.43,896.5,194,9
322.35,896.5,202,9
323.27,896.2,212,9
324.18,896.0,155,9
325.10,896.0,255,9
326.02,896.2,191,9
326.94,960.0,81,9
327.86,960.5,22,9
328.78,960.2,144,9
329.69,960.0,130,9
330.61,960.0,153,9
331.53,960.2,228,9
332.45,960.2,214,9
333.37,1024.0,56,9
334.29,1024.0,85,9
335.20,1024.2,76,9
336.12,1024.0,167,9
337.04,1024.2,175,9
337.96,1088.0,10,9
338.88,1088.0,42,9
339.80,1088.0,97,9
340.71,1152.2,41,9
341.63,1152.2,128,9
342.55,1152.2,219,9
343.47,1216.2,53,9
344.39,1216.2,114,9
345.31,5.2,227,9
346.22,0.0,0,9
347.14,0.0,0,9
348.06,0.0,0,9
348.98,13.5,218,9
349.90,0.0,0,9
350.82,12.5,213,9
351.73,0.0,0,9
352.65,0.0,0,9
353.57,0.0,0,9
354.49,0.0,0,9
355.41,0.0,0,9
356.33,0.0,0,9
357.24,4.5,200,9
358.16,2.5,200,9
359.08,0.0,0,9
0.00,0.0,0,10
0.90,0.0,0,10
1.80,0.0,0,10
2.70,0.0,0,10
3.60,0.0,0,10
4.50,6.8,183,10
5.40,7.5,182,10
6.30,4.5,185,10
7.20,0.0,0,10
8.10,0.0,0,10
9.00,0.0,0,10
9.90,0.0,0,10
10.80,0.0,0,10
11.70,0.0,0,10
12.60,0.0,0,10
13.50,0.0,0,10
14.40,0.0,0,10
15.30,0.0,0,10
16.20,0.0,0,10
17.10,11.8,130,10
18.00,0.0,0,10
18.90,0.0,0,10
19.80,14.8,122,10
20.70,15.5,121,10
21.60,0.0,0,10
22.50,0.0,0,10
23.40,0.0,0,10
24.30,0.0,0,10
25.20,0.0,0,10
26.10,0.0,0,10
27.00,17.8,119,10
27.90,0.0,0,10
28.80,0.0,0,10
29.70,0.0,0,10
30.60,9.5,122,10
31.50,0.0,0,10
32.40,0.0,0,10
33.30,0.0,0,10
34.20,0.0,0,10
35.10,0.0,0,10
36.00,0.0,0,10
36.90,0.0,0,10
37.80,0.0,0,10
38.70,0.0,0,10
39.60,0.0,0,10
40.50,0.0,0,10
41.40,0.0,0,10
42.30,0.0,0,10
43.20,0.0,0,10
44.10,67.2,26,10
45.00,68.8,24,10
45.90,0.0,0,10
46.80,0.0,0,10
47.70,67.0,26,10
48.60,0.0,0,10
49.50,0.0,0,10
50.40,0.0,0,10
51.30,0.0,0,10
52.20,0.0,0,10
53.10,67.2,36,10
54.00,0.0,0,10
54.90,67.0,40,10
55.80,0.0,0,10
56.70,68.8,41,10
57.60,0.0,0,10
58.50,68.5,44,10
59.40,0.0,0,10
60.30,0.0,0,10
61.20,68.0,46,10
62.10,0.0,0,10
63.00,0.0,0,10
63.90,0.0,0,10
64.80,0.0,0,10
65.70,3.0,233,10
66.60,0.0,0,10
67.50,0.0,0,10
68.40,0.0,0,10
69.30,3.0,225,10
70.20,3.0,224,10
71.10,0.0,0,10
72.00,0.0,0,10
72.90,0.0,0,10
73.80,0.0,0,10
74.70,0.0,0,10
75.60,3.8,216,10
76.50,0.0,0,10
77.40,0.0,0,10
78.30,3.5,213,10
79.20,3.8,211,10
80.10,0.0,0,10
81.00,0.0,0,10
81.90,0.0,0,10
82.80,3.8,207,10
83.70,0.0,0,10
84.60,3.8,206,10
85.50,0.0,0,10
86.40,0.0,0,10
87.30,0.0,0,10
88.20,4.2,204,10
89.10,0.0,0,10
90.00,0.0,0,10
90.90,4.0,203,10
91.80,0.0,0,10
92.70,0.0,0,10
93.60,0.0,0,10
94.50,0.0,0,10
95.40,0.0,0,10
96.30,0.0,0,10
97.20,4.5,203,10
98.10,3.5,203,10
99.00,0.0,0,10
99.90,0.0,0,10
100.80,0.0,0,10
101.70,0.0,0,10
102.60,0.0,0,10
103.50,4.2,205,10
104.40,3.8,205,10
105.30,0.0,0,10
106.20,3.5,206,10
107.10,0.0,0,10
108.00,0.0,0,10
108.90,3.8,207,10
109.80,0.0,0,10
110.70,0.0,0,10
111.60,0.0,0,10
112.50,0.0,0,10
113.40,0.0,0,10
114.30,0.0,0,10
115.20,0.0,0,10
116.10,0.0,0,10
117.00,0.0,0,10
117.90,0.0,0,10
118.80,0.0,0,10
119.70,0.0,0,10
120.60,0.0,0,10
121.50,0.0,0,10
122.40,3.5,226,10
123.30,3.0,227,10
124.20,0.0,0,10
125.10,0.0,0,10
126.00,0.0,0,10
126.90,0.0,0,10
127.80,0.0,0,10
128.70,0.0,0,10
129.60,3.2,241,10
130.50,0.0,0,10
131.40,0.0,0,10
132.30,0.0,0,10
133.20,0.0,0,10
134.10,0.0,0,10
135.00,66.8,1,10
135.90,0.0,0,10
136.80,0.0,0,10
137.70,0.0,0,10
138.60,0.0,0,10
139.50,66.2,17,10
140.40,0.0,0,10
141.30,16.2,178,10
142.20,17.2,174,10
143.10,21.5,173,10
144.00,0.0,0,10
144.90,0.0,0,10
145.80,0.0,0,10
146.70,0.0,0,10
147.60,0.0,0,10
148.50,4.8,158,10
149.40,0.0,0,10
150.30,0.0,0,10
151.20,0.0,0,10
152.10,0.0,0,10
153.00,0.0,0,10
153.90,0.0,0,10
154.80,0.0,0,10
155.70,0.0,0,10
156.60,0.0,0,10
157.50,0.0,0,10
158.40,0.0,0,10
159.30,0.0,0,10
160.20,0.0,0,10
161.10,0.0,0,10
162.00,0.0,0,10
162.90,0.0,0,10
163.80,0.0,0,10
164.70,0.0,0,10
165.60,32.2,96,10
166.50,0.0,0,10
167.40,8.5,238,10
168.30,0.0,0,10
169.20,0.0,0,10
170.10,0.0,0,10
171.00,0.0,0,10
171.90,0.0,0,10
172.80,0.0,0,10
173.70,0.0,0,10
174.60,0.0,0,10
175.50,0.0,0,10
176.40,0.0,0,10
177.30,0.0,0,10
178.20,0.0,0,10
179.10,0.0,0,10
180.00,0.0,0,10
180.90,0.0,0,10
181.80,0.0,0,10
182.70,0.0,0,10
183.60,0.0,0,10
184.50,0.0,0,10
185.40,0.0,0,10
186.30,0.0,0,10
187.20,0.0,0,10
188.10,0.0,0,10
189.00,0.0,0,10
189.90,0.0,0,10
190.80,0.0,0,10
191.70,0.0,0,10
192.60,0.0,0,10
193.50,0.0,0,10
194.40,0.0,0,10
195.30,0.0,0,10
196.20,0.0,0,10
197.10,0.0,0,10
198.00,0.0,0,10
198.90,0.0,0,10
199.80,0.0,0,10
200.70,0.0,0,10
201.60,0.0,0,10
202.50,0.0,0,10
203.40,0.0,0,10
204.30,0.0,0,10
205.20,0.0,0,10
206.10,0.0,0,10
207.00,0.0,0,10
207.90,0.0,0,10
208.80,0.0,0,10
209.70,0.0,0,10
210.60,0.0,0,10
211.50,0.0,0,10
212.40,0.0,0,10
213.30,0.0,0,10
214.20,0.0,0,10
215.10,0.0,0,10
216.00,0.0,0,10
216.90,0.0,0,10
217.80,0.0,0,10
218.70,0.0,0,10
219.60,0.0,0,10
220.50,0.0,0,10
221.40,135.2,2,10
222.30,135.2,4,10
223.20,135.2,6,10
224.10,135.0,10,10
225.00,134.8,12,10
225.90,135.0,15,10
226.80,134.8,19,10
227.70,135.0,21,10
228.60,135.0,24,10
229.50,134.8,28,10
230.40,134.8,32,10
231.30,134.5,36,10
232.20,134.2,41,10
233.10,134.2,45,10
234.00,134.2,48,10
234.90,134.2,53,10
235.80,133.8,59,10
236.70,134.0,64,10
237.60,133.8,69,10
238.50,133.8,73,10
239.40,133.8,81,10
240.30,133.2,85,10
241.20,68.8,253,10
242.10,67.5,250,10
243.00,67.0,246,10
243.90,71.2,242,10
244.80,70.2,245,10
245.70,69.8,251,10
246.60,0.0,0,10
247.50,0.0,0,10
248.40,129.0,63,10
249.30,128.8,64,10
250.20,128.8,63,10
251.10,128.5,65,10
252.00,0.0,0,10
252.90,0.0,0,10
253.80,0.0,0,10
254.70,0.0,0,10
255.60,0.0,0,10
256.50,0.0,0,10
257.40,0.0,0,10
258.30,0.0,0,10
259.20,129.0,73,10
260.10,0.0,0,10
261.00,0.0,0,10
261.90,0.0,0,10
262.80,0.0,0,10
263.70,0.0,0,10
264.60,0.0,0,10
265.50,0.0,0,10
266.40,0.0,0,10
267.30,0.0,0,10
268.20,0.0,0,10
269.10,0.0,0,10
270.00,0.0,0,10
270.90,0.0,0,10
271.80,0.0,0,10
272.70,0.0,0,10
273.60,0.0,0,10
274.50,0.0,0,10
275.40,0.0,0,10
276.30,0.0,0,10
277.20,0.0,0,10
278.10,0.0,0,10
279.00,0.0,0,10
279.90,0.0,0,10
280.80,0.0,0,10
281.70,0.0,0,10
282.60,0.0,0,10
283.50,0.0,0,10
284.40,0.0,0,10
285.30,0.0,0,10
286.20,0.0,0,10
287.10,0.0,0,10
288.00,196.2,19,10
288.90,196.5,17,10
289.80,196.0,15,10
290.70,196.2,13,10
291.60,196.2,12,10
292.50,196.2,12,10
293.40,192.2,9,10
294.30,0.0,0,10
295.20,0.0,0,10
296.10,0.0,0,10
297.00,0.0,0,10
297.90,0.0,0,10
298.80,0.0,0,10
299.70,0.0,0,10
300.60,0.0,0,10
301.50,0.0,0,10
302.40,0.0,0,10
303.30,704.5,230,10
304.20,704.5,196,10
305.10,704.5,173,10
306.00,704.8,162,10
306.90,704.5,146,10
307.80,704.5,128,10
308.70,704.5,98,10
309.60,704.8,77,10
310.50,704.5,63,10
311.40,704.5,48,10
312.30,704.8,33,10
313.20,704.2,25,10
314.10,896.0,61,10
315.00,896.2,67,10
315.90,896.5,82,10
316.80,896.5,109,10
317.70,896.5,140,10
318.60,896.5,170,10
319.50,896.5,191,10
320.40,896.5,199,10
321.30,896.5,221,10
322.20,896.2,136,10
323.10,896.0,253,10
324.00,896.0,201,10
324.90,896.0,249,10
325.80,960.0,55,10
326.70,960.0,65,10
327.60,960.0,160,10
328.50,960.2,121,10
329.40,960.0,173,10
330.30,960.2,228,10
331.20,960.2,214,10
332.10,1024.2,66,10
333.00,1024.0,91,10
333.90,1024.0,77,10
334.80,1024.0,222,10
335.70,1024.2,174,10
336.60,1088.0,30,10
337.50,1088.0,50,10
338.40,1088.0,107,10
339.30,1152.2,50,10
340.20,1152.2,135,10
341.10,1152.2,231,10
342.00,1216.2,52,10
342.90,1216.2,136,10
343.80,6.2,225,10
344.70,3.0,225,10
345.60,0.0,0,10
346.50,11.5,216,10
347.40,12.8,217,10
348.30,0.0,0,10
349.20,9.8,214,10
350.10,0.0,0,10
351.00,5.5,205,10
351.90,0.0,0,10
352.80,0.0,0,10
353.70,0.0,0,10
354.60,0.0,0,10
355.50,3.0,199,10
356.40,0.0,0,10
357.30,0.0,0,10
358.20,0.0,0,10
359.10,9.5,194,10
0.00,0.0,0,11
0.90,0.0,0,11
1.80,5.0,188,11
2.70,0.0,0,11
3.60,0.0,0,11
4.50,0.0,0,11
5.40,5.5,190,11
6.30,0.0,0,11
7.20,0.0,0,11
8.10,0.0,0,11
9.00,0.0,0,11
9.90,0.0,0,11
10.80,18.8,127,11
11.70,0.0,0,11
12.60,0.0,0,11
13.50,0.0,0,11
14.40,0.0,0,11
15.30,0.0,0,11
16.20,13.2,131,11
17.10,0.0,0,11
18.00,0.0,0,11
18.90,0.0,0,11
19.80,0.0,0,11
20.70,0.0,0,11
21.60,18.0,119,11
22.50,0.0,0,11
23.40,0.0,0,11
24.30,0.0,0,11
25.20,0.0,0,11
26.10,0.0,0,11
27.00,0.0,0,11
27.90,0.0,0,11
28.80,0.0,0,11
29.70,9.5,123,11
30.60,0.0,0,11
31.50,0.0,0,11
32.40,7.2,127,11
33.30,0.0,0,11
34.20,0.0,0,11
35.10,0.0,0,11
36.00,0.0,0,11
36.90,0.0,0,11
37.80,0.0,0,11
38.70,0.0,0,11
39.60,0.0,0,11
40.50,0.0,0,11
41.40,0.0,0,11
42.30,67.2,27,11
43.20,0.0,0,11
44.10,0.0,0,11
45.00,0.0,0,11
45.90,0.0,0,11
46.80,0.0,0,11
47.70,0.0,0,11
48.60,68.2,30,11
49.50,67.0,32,11
50.40,0.0,0,11
51.30,68.2,35,11
52.20,0.0,0,11
53.10,0.0,0,11
54.00,0.0,0,11
54.90,0.0,0,11
55.80,0.0,0,11
56.70,0.0,0,11
57.60,0.0,0,11
58.50,67.8,43,11
59.40,0.0,0,11
60.30,67.5,45,11
61.20,0.0,0,11
62.10,2.8,238,11
63.00,0.0,0,11
63.90,0.0,0,11
64.80,0.0,0,11
65.70,0.0,0,11
66.60,0.0,0,11
67.50,0.0,0,11
68.40,0.0,0,11
69.30,0.0,0,11
70.20,0.0,0,11
71.10,0.0,0,11
72.00,0.0,0,11
72.90,0.0,0,11
73.80,0.0,0,11
74.70,0.0,0,11
75.60,0.0,0,11
76.50,3.8,213,11
77.40,4.5,212,11
78.30,3.5,211,11
79.20,3.2,210,11
80.10,0.0,0,11
81.00,0.0,0,11
81.90,4.0,207,11
82.80,3.8,206,11
83.70,0.0,0,11
84.60,0.0,0,11
85.50,0.0,0,11
86.40,0.0,0,11
87.30,0.0,0,11
88.20,0.0,0,11
89.10,0.0,0,11
90.00,0.0,0,11
90.90,0.0,0,11
91.80,0.0,0,11
92.70,0.0,0,11
93.60,0.0,0,11
94.50,4.2,202,11
95.40,0.0,0,11
96.30,0.0,0,11
97.20,0.0,0,11
98.10,0.0,0,11
99.00,4.2,202,11
99.90,0.0,0,11
100.80,0.0,0,11
101.70,4.5,204,11
102.60,0.0,0,11
103.50,0.0,0,11
104.40,0.0,0,11
105.30,0.0,0,11
106.20,0.0,0,11
107.10,4.0,207,11
108.00,3.8,208,11
108.90,0.0,0,11
109.80,0.0,0,11
110.70,4.0,210,11
111.60,3.5,212,11
112.50,0.0,0,11
113.40,0.0,0,11
114.30,0.0,0,11
115.20,0.0,0,11
116.10,3.8,217,11
117.00,4.2,218,11
117.90,0.0,0,11
118.80,3.5,221,11
119.70,3.0,222,11
120.60,0.0,0,11
121.50,0.0,0,11
122.40,0.0,0,11
123.30,0.0,0,11
124.20,2.8,231,11
125.10,0.0,0,11
126.00,0.0,0,11
126.90,0.0,0,11
127.80,2.8,239,11
128.70,0.0,0,11
129.60,3.2,244,11
130.50,0.0,0,11
131.40,0.0,0,11
132.30,0.0,0,11
133.20,2.8,255,11
134.10,0.0,0,11
135.00,66.5,6,11
135.90,0.0,0,11
136.80,0.0,0,11
137.70,0.0,0,11
138.60,0.0,0,11
139.50,0.0,0,11
140.40,18.5,176,11
141.30,21.0,173,11
142.20,0.0,0,11
143.10,0.0,0,11
144.00,0.0,0,11
144.90,0.0,0,11
145.80,0.0,0,11
146.70,0.0,0,11
147.60,0.0,0,11
148.50,0.0,0,11
149.40,0.0,0,11
150.30,0.0,0,11
151.20,0.0,0,11
152.10,0.0,0,11
153.00,0.0,0,11
153.90,0.0,0,11
154.80,0.0,0,11
155.70,0.0,0,11
156.60,0.0,0,11
157.50,0.0,0,11
158.40,0.0,0,11
159.30,0.0,0,11
160.20,0.0,0,11
161.10,0.0,0,11
162.00,0.0,0,11
162.90,0.0,0,11
163.80,29.2,95,11
164.70,0.0,0,11
165.60,0.0,0,11
166.50,0.0,0,11
167.40,0.0,0,11
168.30,0.0,0,11
169.20,0.0,0,11
170.10,0.0,0,11
171.00,0.0,0,11
171.90,0.0,0,11
172.80,0.0,0,11
173.70,0.0,0,11
174.60,0.0,0,11
175.50,0.0,0,11
176.40,0.0,0,11
177.30,0.0,0,11
178.20,0.0,0,11
179.10,0.0,0,11
180.00,0.0,0,11
180.90,0.0,0,11
181.80,0.0,0,11
182.70,0.0,0,11
183.60,0.0,0,11
184.50,0.0,0,11
185.40,0.0,0,11
186.30,0.0,0,11
187.20,0.0,0,11
188.10,0.0,0,11
189.00,0.0,0,11
189.90,0.0,0,11
190.80,0.0,0,11
191.70,0.0,0,11
192.60,0.0,0,11
193.50,0.0,0,11
194.40,0.0,0,11
195.30,0.0,0,11
196.20,0.0,0,11
197.10,0.0,0,11
198.00,0.0,0,11
198.90,0.0,0,11
199.80,0.0,0,11
200.70,0.0,0,11
201.60,0.0,0,11
202.50,0.0,0,11
203.40,0.0,0,11
204.30,0.0,0,11
205.20,0.0,0,11
206.10,0.0,0,11
207.00,0.0,0,11
207.90,0.0,0,11
208.80,0.0,0,11
209.70,0.0,0,11
210.60,0.0,0,11
211.50,0.0,0,11
212.40,0.0,0,11
213.30,0.0,0,11
214.20,0.0,0,11
215.10,0.0,0,11
216.00,0.0,0,11
216.90,0.0,0,11
217.80,0.0,0,11
218.70,135.0,1,11
219.60,135.2,4,11
220.50,135.0,6,11
221.40,135.2,9,11
222.30,134.8,12,11
223.20,134.8,15,11
224.10,134.8,18,11
225.00,135.0,21,11
225.90,135.0,24,11
226.80,134.8,28,11
227.70,134.8,31,11
228.60,134.5,36,11
229.50,134.5,40,11
230.40,134.2,45,11
231.30,134.2,48,11
232.20,134.2,53,11
233.10,134.0,59,11
234.00,134.2,64,11
234.90,133.8,69,11
235.80,133.8,74,11
236.70,133.5,83,11
237.60,133.8,86,11
238.50,69.0,253,11
239.40,67.0,250,11
240.30,66.2,245,11
241.20,71.2,243,11
242.10,70.2,245,11
243.00,69.8,251,11
243.90,0.0,0,11
244.80,0.0,0,11
245.70,0.0,0,11
246.60,128.8,65,11
247.50,128.8,65,11
248.40,0.0,0,11
249.30,0.0,0,11
250.20,0.0,0,11
251.10,0.0,0,11
252.00,0.0,0,11
252.90,0.0,0,11
253.80,0.0,0,11
254.70,0.0,0,11
255.60,0.0,0,11
256.50,129.2,74,11
257.40,0.0,0,11
258.30,0.0,0,11
259.20,0.0,0,11
260.10,0.0,0,11
261.00,0.0,0,11
261.90,0.0,0,11
262.80,0.0,0,11
263.70,0.0,0,11
264.60,0.0,0,11
265.50,0.0,0,11
266.40,0.0,0,11
267.30,0.0,0,11
268.20,0.0,0,11
269.10,0.0,0,11
270.00,0.0,0,11
270.90,0.0,0,11
271.80,0.0,0,11
272.70,0.0,0,11
273.60,0.0,0,11
274.50,0.0,0,11
275.40,0.0,0,11
276.30,0.0,0,11
277.20,0.0,0,11
278.10,0.0,0,11
279.00,0.0,0,11
279.90,0.0,0,11
280.80,0.0,0,11
281.70,0.0,0,11
282.60,0.0,0,11
283.50,0.0,0,11
284.40,0.0,0,11
285.30,196.2,18,11
286.20,196.2,17,11
287.10,196.0,15,11
288.00,196.2,14,11
288.90,196.2,12,11
289.80,196.0,13,11
290.70,192.2,22,11
291.60,0.0,0,11
292.50,0.0,0,11
293.40,0.0,0,11
294.30,0.0,0,11
295.20,0.0,0,11
296.10,0.0,0,11
297.00,0.0,0,11
297.90,0.0,0,11
298.80,0.0,0,11
299.70,704.0,247,11
300.60,704.5,222,11
301.50,704.5,188,11
302.40,704.5,170,11
303.30,704.8,165,11
304.20,704.5,141,11
305.10,704.5,125,11
306.00,704.8,95,11
306.90,704.5,77,11
307.80,704.5,64,11
308.70,704.5,47,11
309.60,704.8,36,11
310.50,704.5,27,11
311.40,896.2,48,11
312.30,896.2,65,11
313.20,896.5,81,11
314.10,896.5,118,11
315.00,896.5,139,11
315.90,896.5,176,11
316.80,896.5,195,11
317.70,896.5,202,11
318.60,896.5,220,11
319.50,896.0,141,11
320.40,960.2,0,11
321.30,896.0,184,11
322.20,960.2,79,11
323.10,960.0,34,11
324.00,960.0,142,11
324.90,960.0,140,11
325.80,960.0,130,11
326.70,960.0,211,11
327.60,960.0,218,11
328.50,1024.0,11,11
329.40,1024.2,74,11
330.30,1024.0,132,11
331.20,1024.2,91,11
332.10,1024.0,182,11
333.00,1024.0,208,11
333.90,1088.2,21,11
334.80,1088.0,89,11
335.70,1088.0,130,11
336.60,1152.2,72,11
337.50,1152.2,180,11
338.40,1216.2,11,11
339.30,1216.2,83,11
340.20,0.0,0,11
341.10,0.0,0,11
342.00,0.0,0,11
342.90,0.0,0,11
343.80,15.5,218,11
344.70,8.5,215,11
345.60,8.8,211,11
346.50,0.0,0,11
347.40,0.0,0,11
348.30,7.2,204,11
349.20,0.0,0,11
350.10,0.0,0,11
351.00,0.0,0,11
351.90,0.0,0,11
352.80,0.0,0,11
353.70,0.0,0,11
354.60,0.0,0,11
355.50,7.2,192,11
356.40,9.5,192,11
357.30,11.0,191,11
358.20,0.0,0,11
359.10,0.0,0,11
0.00,0.0,0,12
0.92,0.0,0,12
1.84,0.0,0,12
2.76,0.0,0,12
3.67,7.5,143,12
4.59,0.0,0,12
5.51,0.0,0,12
6.43,0.0,0,12
7.35,0.0,0,12
8.27,0.0,0,12
9.18,0.0,0,12
10.10,0.0,0,12
11.02,15.2,128,12
11.94,0.0,0,12
12.86,0.0,0,12
13.78,0.0,0,12
14.69,0.0,0,12
15.61,0.0,0,12
16.53,0.0,0,12
17.45,0.0,0,12
18.37,0.0,0,12
19.29,0.0,0,12
20.20,18.0,118,12
21.12,19.2,118,12
22.04,0.0,0,12
22.96,16.5,119,12
23.88,0.0,0,12
24.80,0.0,0,12
25.71,0.0,0,12
26.63,0.0,0,12
27.55,0.0,0,12
28.47,0.0,0,12
29.39,0.0,0,12
30.31,0.0,0,12
31.22,0.0,0,12
32.14,0.0,0,12
33.06,0.0,0,12
33.98,0.0,0,12
34.90,0.0,0,12
35.82,0.0,0,12
36.73,0.0,0,12
37.65,0.0,0,12
38.57,0.0,0,12
39.49,0.0,0,12
40.41,0.0,0,12
41.33,0.0,0,12
42.24,0.0,0,12
43.16,67.2,26,12
44.08,0.0,0,12
45.00,0.0,0,12
45.92,0.0,0,12
46.84,0.0,0,12
47.76,67.5,31,12
48.67,0.0,0,12
49.59,0.0,0,12
50.51,0.0,0,12
51.43,0.0,0,12
52.35,0.0,0,12
53.27,68.8,40,12
54.18,0.0,0,12
55.10,68.2,42,12
56.02,0.0,0,12
56.94,0.0,0,12
57.86,0.0,0,12
58.78,0.0,0,12
59.69,0.0,0,12
60.61,0.0,0,12
61.53,0.0,0,12
62.45,3.2,233,12
63.37,0.0,0,12
64.29,0.0,0,12
65.20,0.0,0,12
66.12,0.0,0,12
67.04,0.0,0,12
67.96,0.0,0,12
68.88,3.0,221,12
69.80,0.0,0,12
70.71,0.0,0,12
71.63,0.0,0,12
72.55,0.0,0,12
73.47,0.0,0,12
74.39,0.0,0,12
75.31,0.0,0,12
76.22,0.0,0,12
77.14,0.0,0,12
78.06,0.0,0,12
78.98,4.0,208,12
79.90,0.0,0,12
80.82,4.0,206,12
81.73,0.0,0,12
82.65,0.0,0,12
83.57,0.0,0,12
84.49,3.5,205,12
85.41,0.0,0,12
86.33,0.0,0,12
87.24,0.0,0,12
88.16,3.8,203,12
89.08,0.0,0,12
90.00,0.0,0,12
90.92,0.0,0,12
91.84,4.5,202,12
92.76,0.0,0,12
93.67,3.8,203,12
94.59,3.8,202,12
95.51,0.0,0,12
96.43,0.0,0,12
97.35,0.0,0,12
98.27,4.5,202,12
99.18,4.2,203,12
100.10,0.0,0,12
101.02,0.0,0,12
101.94,3.8,204,12
102.86,0.0,0,12
103.78,4.0,206,12
104.69,0.0,0,12
105.61,0.0,0,12
106.53,0.0,0,12
107.45,0.0,0,12
108.37,4.0,210,12
109.29,0.0,0,12
110.20,0.0,0,12
111.12,4.5,211,12
112.04,0.0,0,12
112.96,0.0,0,12
113.88,4.0,215,12
114.80,0.0,0,12
115.71,0.0,0,12
116.63,3.2,219,12
117.55,0.0,0,12
118.47,3.2,222,12
119.39,0.0,0,12
120.31,0.0,0,12
121.22,3.5,226,12
122.14,3.2,228,12
123.06,0.0,0,12
123.98,3.0,232,12
124.90,0.0,0,12
125.82,3.2,236,12
126.73,0.0,0,12
127.65,0.0,0,12
128.57,0.0,0,12
129.49,0.0,0,12
130.41,0.0,0,12
131.33,2.8,250,12
132.24,0.0,0,12
133.16,2.8,255,12
134.08,0.0,0,12
135.00,66.5,5,12
135.92,0.0,0,12
136.84,0.0,0,12
137.76,0.0,0,12
138.67,66.2,20,12
139.59,11.2,179,12
140.51,17.2,176,12
141.43,19.5,173,12
142.35,0.0,0,12
143.27,0.0,0,12
144.18,0.0,0,12
145.10,0.0,0,12
146.02,0.0,0,12
146.94,0.0,0,12
147.86,0.0,0,12
148.78,0.0,0,12
149.69,0.0,0,12
150.61,0.0,0,12
151.53,0.0,0,12
152.45,0.0,0,12
153.37,0.0,0,12
154.29,0.0,0,12
155.20,3.2,144,12
156.12,0.0,0,12
157.04,0.0,0,12
157.96,0.0,0,12
158.88,0.0,0,12
159.80,0.0,0,12
160.71,0.0,0,12
161.63,0.0,0,12
162.55,0.0,0,12
163.47,0.0,0,12
164.39,28.8,95,12
165.31,0.0,0,12
166.22,0.0,0,12
167.14,0.0,0,12
168.06,0.0,0,12
168.98,0.0,0,12
169.90,0.0,0,12
170.82,0.0,0,12
171.73,0.0,0,12
172.65,0.0,0,12
173.57,0.0,0,12
174.49,65.0,51,12
175.41,0.0,0,12
176.33,0.0,0,12
177.24,0.0,0,12
178.16,0.0,0,12
179.08,0.0,0,12
180.00,0.0,0,12
180.92,0.0,0,12
181.84,0.0,0,12
182.76,0.0,0,12
183.67,0.0,0,12
184.59,0.0,0,12
185.51,0.0,0,12
186.43,0.0,0,12
187.35,0.0,0,12
188.27,0.0,0,12
189.18,0.0,0,12
190.10,0.0,0,12
191.02,0.0,0,12
191.94,0.0,0,12
192.86,0.0,0,12
193.78,0.0,0,12
194.69,0.0,0,12
195.61,0.0,0,12
196.53,0.0,0,12
197.45,0.0,0,12
198.37,0.0,0,12
199.29,0.0,0,12
200.20,0.0,0,12
201.12,0.0,0,12
202.04,0.0,0,12
202.96,0.0,0,12
203.88,0.0,0,12
204.80,0.0,0,12
205.71,0.0,0,12
206.63,0.0,0,12
207.55,0.0,0,12
208.47,0.0,0,12
209.39,0.0,0,12
210.31,0.0,0,12
211.22,0.0,0,12
212.14,0.0,0,12
213.06,0.0,0,12
213.98,0.0,0,12
214.90,0.0,0,12
215.82,0.0,0,12
216.73,0.0,0,12
217.65,0.0,0,12
218.57,0.0,0,12
219.49,0.0,0,12
220.41,0.0,0,12
221.33,135.0,3,12
222.24,135.2,6,12
223.16,135.0,8,12
224.08,135.2,11,12
225.00,134.8,13,12
225.92,135.0,17,12
226.84,135.0,19,12
227.76,135.0,23,12
228.67,134.5,27,12
229.59,134.8,30,12
230.51,134.2,35,12
231.43,134.8,38,12
232.35,134.8,43,12
233.27,134.0,47,12
234.18,134.2,52,12
235.10,134.2,57,12
236.02,134.2,62,12
236.94,134.0,68,12
237.86,134.0,73,12
238.78,134.0,79,12
239.69,131.0,79,12
240.61,0.0,0,12
241.53,69.8,249,12
242.45,69.2,245,12
243.37,71.2,242,12
244.29,70.8,244,12
245.20,70.0,249,12
246.12,0.0,0,12
247.04,128.8,63,12
247.96,129.0,64,12
248.88,128.8,64,12
249.80,128.8,63,12
250.71,0.0,0,12
251.63,128.2,65,12
252.55,0.0,0,12
253.47,0.0,0,12
254.39,0.0,0,12
255.31,0.0,0,12
256.22,0.0,0,12
257.14,0.0,0,12
258.06,0.0,0,12
258.98,129.2,74,12
259.90,0.0,0,12
260.82,0.0,0,12
261.73,0.0,0,12
262.65,0.0,0,12
263.57,0.0,0,12
264.49,0.0,0,12
265.41,0.0,0,12
266.33,0.0,0,12
267.24,0.0,0,12
268.16,0.0,0,12
269.08,0.0,0,12
270.00,0.0,0,12
270.92,0.0,0,12
271.84,0.0,0,12
272.76,0.0,0,12
273.67,0.0,0,12
274.59,0.0,0,12
275.51,0.0,0,12
276.43,0.0,0,12
277.35,0.0,0,12
278.27,0.0,0,12
279.18,0.0,0,12
280.10,0.0,0,12
281.02,0.0,0,12
281.94,0.0,0,12
282.86,0.0,0,12
283.78,0.0,0,12
284.69,0.0,0,12
285.61,0.0,0,12
286.53,0.0,0,12
287.45,0.0,0,12
288.37,196.0,17,12
289.29,196.2,16,12
290.20,196.0,15,12
291.12,196.0,13,12
292.04,196.2,11,12
292.96,195.5,14,12
293.88,192.2,18,12
294.80,0.0,0,12
295.71,0.0,0,12
296.63,0.0,0,12
297.55,0.0,0,12
298.47,0.0,0,12
299.39,0.0,0,12
300.31,0.0,0,12
301.22,0.0,0,12
302.14,0.0,0,12
303.06,704.5,234,12
303.98,704.5,203,12
304.90,704.5,180,12
305.82,704.5,161,12
306.73,704.5,150,12
307.65,704.5,134,12
308.57,704.5,119,12
309.49,704.5,89,12
310.41,704.8,67,12
311.33,704.5,52,12
312.24,704.5,40,12
313.16,704.5,32,12
314.08,704.8,22,12
315.00,896.5,49,12
315.92,896.5,77,12
316.84,896.5,102,12
317.76,896.5,133,12
318.67,896.2,156,12
319.59,896.5,181,12
320.51,896.5,196,12
321.43,896.5,213,12
322.35,896.2,220,12
323.27,896.0,157,12
324.18,960.0,15,12
325.10,896.2,189,12
326.02,960.0,86,12
326.94,960.2,28,12
327.86,960.2,155,12
328.78,960.0,120,12
329.69,960.0,148,12
330.61,960.2,231,12
331.53,960.2,204,12
332.45,1024.0,53,12
333.37,1024.0,71,12
334.29,1024.0,85,12
335.20,1024.0,136,12
336.12,1024.0,167,12
337.04,1024.0,255,12
337.96,1088.0,23,12
338.88,1088.0,87,12
339.80,1152.2,13,12
340.71,1152.2,102,12
341.63,1152.2,212,12
342.55,1216.2,29,12
343.47,1216.2,105,12
344.39,0.0,0,12
345.31,5.2,220,12
346.22,5.2,217,12
347.14,13.5,216,12
348.06,0.0,0,12
348.98,7.2,211,12
349.90,0.0,0,12
350.82,0.0,0,12
351.73,0.0,0,12
352.65,0.0,0,12
353.57,2.2,207,12
354.49,0.0,0,12
355.41,0.0,0,12
356.33,0.0,0,12
357.24,0.0,0,12
358.16,0.0,0,12
359.08,0.0,0,12
0.00,0.0,0,13
0.90,0.0,0,13
1.80,11.0,190,13
2.70,6.2,189,13
3.60,7.5,185,13
4.50,0.0,0,13
5.40,0.0,0,13
6.30,0.0,0,13
7.20,9.8,141,13
8.10,0.0,0,13
9.00,0.0,0,13
9.90,0.0,0,13
10.80,0.0,0,13
11.70,0.0,0,13
12.60,18.2,126,13
13.50,17.5,126,13
14.40,0.0,0,13
15.30,0.0,0,13
16.20,0.0,0,13
17.10,0.0,0,13
18.00,0.0,0,13
18.90,0.0,0,13
19.80,0.0,0,13
20.70,0.0,0,13
21.60,0.0,0,13
22.50,0.0,0,13
23.40,0.0,0,13
24.30,0.0,0,13
25.20,0.0,0,13
26.10,0.0,0,13
27.00,0.0,0,13
27.90,0.0,0,13
28.80,0.0,0,13
29.70,0.0,0,13
30.60,0.0,0,13
31.50,0.0,0,13
32.40,0.0,0,13
33.30,7.5,126,13
34.20,0.0,0,13
35.10,0.0,0,13
36.00,0.0,0,13
36.90,0.0,0,13
37.80,0.0,0,13
38.70,0.0,0,13
39.60,0.0,0,13
40.50,0.0,0,13
41.40,0.0,0,13
42.30,0.0,0,13
43.20,65.8,27,13
44.10,0.0,0,13
45.00,0.0,0,13
45.90,0.0,0,13
46.80,0.0,0,13
47.70,67.8,27,13
48.60,66.8,29,13
49.50,0.0,0,13
50.40,0.0,0,13
51.30,0.0,0,13
52.20,68.0,35,13
53.10,0.0,0,13
54.00,0.0,0,13
54.90,0.0,0,13
55.80,68.0,40,13
56.70,0.0,0,13
57.60,0.0,0,13
58.50,67.5,42,13
59.40,68.2,43,13
60.30,0.0,0,13
61.20,0.0,0,13
62.10,2.2,238,13
63.00,0.0,0,13
63.90,0.0,0,13
64.80,0.0,0,13
65.70,0.0,0,13
66.60,0.0,0,13
67.50,0.0,0,13
68.40,0.0,0,13
69.30,0.0,0,13
70.20,3.0,223,13
71.10,0.0,0,13
72.00,0.0,0,13
72.90,3.5,218,13
73.80,4.0,217,13
74.70,3.8,216,13
75.60,3.5,215,13
76.50,0.0,0,13
77.40,4.0,212,13
78.30,0.0,0,13
79.20,0.0,0,13
80.10,0.0,0,13
81.00,3.8,208,13
81.90,0.0,0,13
82.80,0.0,0,13
83.70,0.0,0,13
84.60,3.8,206,13
85.50,0.0,0,13
86.40,0.0,0,13
87.30,4.2,204,13
88.20,0.0,0,13
89.10,0.0,0,13
90.00,3.8,203,13
90.90,3.5,203,13
91.80,0.0,0,13
92.70,0.0,0,13
93.60,0.0,0,13
94.50,0.0,0,13
95.40,3.8,203,13
96.30,0.0,0,13
97.20,0.0,0,13
98.10,0.0,0,13
99.00,0.0,0,13
99.90,4.5,203,13
100.80,0.0,0,13
101.70,0.0,0,13
102.60,0.0,0,13
103.50,0.0,0,13
104.40,0.0,0,13
105.30,0.0,0,13
106.20,0.0,0,13
107.10,0.0,0,13
108.00,4.2,207,13
108.90,0.0,0,13
109.80,4.0,210,13
110.70,0.0,0,13
111.60,4.0,211,13
112.50,0.0,0,13
113.40,0.0,0,13
114.30,0.0,0,13
115.20,4.0,215,13
116.10,0.0,0,13
117.00,0.0,0,13
117.90,0.0,0,13
118.80,0.0,0,13
119.70,0.0,0,13
120.60,0.0,0,13
121.50,0.0,0,13
122.40,3.2,226,13
123.30,3.2,228,13
124.20,0.0,0,13
125.10,3.0,232,13
126.00,2.8,234,13
126.90,0.0,0,13
127.80,0.0,0,13
128.70,2.8,240,13
129.60,0.0,0,13
130.50,0.0,0,13
131.40,0.0,0,13
132.30,2.8,250,13
133.20,0.0,0,13
134.10,0.0,0,13
135.00,0.0,0,13
135.90,0.0,0,13
136.80,0.0,0,13
137.70,0.0,0,13
138.60,0.0,0,13
139.50,0.0,0,13
140.40,0.0,0,13
141.30,15.5,176,13
142.20,23.0,173,13
143.10,17.5,177,13
144.00,0.0,0,13
144.90,0.0,0,13
145.80,0.0,0,13
146.70,0.0,0,13
147.60,0.0,0,13
148.50,0.0,0,13
149.40,0.0,0,13
150.30,0.0,0,13
151.20,0.0,0,13
152.10,0.0,0,13
153.00,0.0,0,13
153.90,0.0,0,13
154.80,0.0,0,13
155.70,0.0,0,13
156.60,0.0,0,13
157.50,0.0,0,13
158.40,0.0,0,13
159.30,0.0,0,13
160.20,0.0,0,13
161.10,0.0,0,13
162.00,0.0,0,13
162.90,0.0,0,13
163.80,0.0,0,13
164.70,0.0,0,13
165.60,27.2,97,13
166.50,0.0,0,13
167.40,0.0,0,13
168.30,0.0,0,13
169.20,0.0,0,13
170.10,0.0,0,13
171.00,0.0,0,13
171.90,0.0,0,13
172.80,0.0,0,13
173.70,0.0,0,13
174.60,65.2,51,13
175.50,0.0,0,13
176.40,0.0,0,13
177.30,0.0,0,13
178.20,0.0,0,13
179.10,0.0,0,13
180.00,0.0,0,13
180.90,0.0,0,13
181.80,0.0,0,13
182.70,0.0,0,13
183.60,0.0,0,13
184.50,0.0,0,13
185.40,0.0,0,13
186.30,0.0,0,13
187.20,0.0,0,13
188.10,0.0,0,13
189.00,0.0,0,13
189.90,0.0,0,13
190.80,0.0,0,13
191.70,0.0,0,13
192.60,0.0,0,13
193.50,0.0,0,13
194.40,0.0,0,13
195.30,0.0,0,13
196.20,0.0,0,13
197.10,0.0,0,13
198.00,0.0,0,13
198.90,0.0,0,13
199.80,0.0,0,13
200.70,0.0,0,13
201.60,0.0,0,13
202.50,0.0,0,13
203.40,0.0,0,13
204.30,0.0,0,13
205.20,0.0,0,13
206.10,0.0,0,13
207.00,0.0,0,13
207.90,0.0,0,13
208.80,0.0,0,13
209.70,0.0,0,13
210.60,0.0,0,13
211.50,0.0,0,13
212.40,0.0,0,13
213.30,0.0,0,13
214.20,0.0,0,13
215.10,0.0,0,13
216.00,0.0,0,13
216.90,0.0,0,13
217.80,0.0,0,13
218.70,0.0,0,13
219.60,0.0,0,13
220.50,135.2,2,13
221.40,135.2,4,13
222.30,135.2,6,13
223.20,135.0,10,13
224.10,134.8,12,13
225.00,135.0,15,13
225.90,134.5,19,13
226.80,135.0,21,13
227.70,134.8,24,13
228.60,134.8,28,13
229.50,134.5,32,13
230.40,134.5,36,13
231.30,134.2,40,13
232.20,134.2,45,13
233.10,134.2,48,13
234.00,134.2,53,13
234.90,133.8,59,13
235.80,134.2,64,13
236.70,133.8,69,13
237.60,133.8,74,13
238.50,133.5,83,13
239.40,133.8,86,13
240.30,69.2,253,13
241.20,67.2,250,13
242.10,0.0,0,13
243.00,71.0,243,13
243.90,70.5,245,13
244.80,69.8,251,13
245.70,0.0,0,13
246.60,0.0,0,13
247.50,129.2,61,13
248.40,128.8,65,13
249.30,128.8,63,13
250.20,128.5,66,13
251.10,128.2,65,13
252.00,0.0,0,13
252.90,0.0,0,13
253.80,0.0,0,13
254.70,0.0,0,13
255.60,0.0,0,13
256.50,0.0,0,13
257.40,0.0,0,13
258.30,129.2,74,13
259.20,0.0,0,13
260.10,0.0,0,13
261.00,0.0,0,13
261.90,0.0,0,13
262.80,0.0,0,13
263.70,0.0,0,13
264.60,0.0,0,13
265.50,0.0,0,13
266.40,0.0,0,13
267.30,0.0,0,13
268.20,0.0,0,13
269.10,0.0,0,13
270.00,0.0,0,13
270.90,0.0,0,13
271.80,0.0,0,13
272.70,0.0,0,13
273.60,0.0,0,13
274.50,0.0,0,13
275.40,0.0,0,13
276.30,0.0,0,13
277.20,0.0,0,13
278.10,0.0,0,13
279.00,0.0,0,13
279.90,0.0,0,13
280.80,0.0,0,13
281.70,0.0,0,13
282.60,0.0,0,13
283.50,0.0,0,13
284.40,0.0,0,13
285.30,0.0,0,13
286.20,0.0,0,13
287.10,196.2,18,13
288.00,196.2,17,13
288.90,196.0,15,13
289.80,196.0,14,13
290.70,196.2,12,13
291.60,196.2,12,13
292.50,192.2,21,13
293.40,0.0,0,13
294.30,0.0,0,13
295.20,0.0,0,13
296.10,0.0,0,13
297.00,0.0,0,13
297.90,0.0,0,13
298.80,0.0,0,13
299.70,0.0,0,13
300.60,0.0,0,13
301.50,704.0,249,13
302.40,704.5,221,13
303.30,704.5,185,13
304.20,704.5,172,13
305.10,704.5,162,13
306.00,704.5,139,13
306.90,704.5,123,13
307.80,704.8,89,13
308.70,704.8,75,13
309.60,704.5,63,13
310.50,704.5,41,13
311.40,704.8,33,13
312.30,704.5,24,13
313.20,896.2,46,13
314.10,896.2,64,13
315.00,896.5,81,13
315.90,896.5,117,13
316.80,896.5,140,13
317.70,896.5,175,13
318.60,896.5,195,13
319.50,896.5,203,13
320.40,896.5,223,13
321.30,896.2,146,13
322.20,960.2,14,13
323.10,896.0,189,13
324.00,960.2,85,13
324.90,960.0,36,13
325.80,960.0,152,13
326.70,960.0,149,13
327.60,960.0,137,13
328.50,960.0,220,13
329.40,960.0,222,13
330.30,1024.0,17,13
331.20,1024.2,74,13
332.10,1024.0,150,13
333.00,1024.0,94,13
333.90,1024.0,182,13
334.80,1024.0,193,13
335.70,1088.2,18,13
336.60,1088.0,87,13
337.50,1088.0,128,13
338.40,1152.2,53,13
339.30,1152.2,168,13
340.20,1216.2,4,13
341.10,1216.2,72,13
342.00,1216.0,132,13
342.90,0.0,0,13
343.80,0.0,0,13
344.70,0.0,0,13
345.60,13.8,218,13
346.50,0.0,0,13
347.40,0.0,0,13
348.30,1.5,215,13
349.20,0.0,0,13
350.10,0.0,0,13
351.00,0.0,0,13
351.90,0.0,0,13
352.80,0.0,0,13
353.70,0.0,0,13
354.60,0.0,0,13
355.50,0.0,0,13
356.40,0.0,0,13
357.30,0.0,0,13
358.20,0.0,0,13
359.10,0.0,0,13
0.00,0.0,0,14
0.92,0.0,0,14
1.84,6.5,183,14
2.76,5.2,184,14
3.67,0.0,0,14
4.59,0.0,0,14
5.51,0.0,0,14
6.43,0.0,0,14
7.35,0.0,0,14
8.27,15.2,128,14
9.18,0.0,0,14
10.10,0.0,0,14
11.02,0.0,0,14
11.94,0.0,0,14
12.86,0.0,0,14
13.78,0.0,0,14
14.69,0.0,0,14
15.61,12.0,131,14
16.53,0.0,0,14
17.45,0.0,0,14
18.37,0.0,0,14
19.29,16.8,120,14
20.20,0.0,0,14
21.12,18.8,118,14
22.04,0.0,0,14
22.96,0.0,0,14
23.88,0.0,0,14
24.80,0.0,0,14
25.71,0.0,0,14
26.63,0.0,0,14
27.55,0.0,0,14
28.47,0.0,0,14
29.39,0.0,0,14
30.31,0.0,0,14
31.22,0.0,0,14
32.14,0.0,0,14
33.06,0.0,0,14
33.98,0.0,0,14
34.90,0.0,0,14
35.82,0.0,0,14
36.73,0.0,0,14
37.65,0.0,0,14
38.57,0.0,0,14
39.49,0.0,0,14
40.41,0.0,0,14
41.33,0.0,0,14
42.24,68.0,25,14
43.16,0.0,0,14
44.08,0.0,0,14
45.00,0.0,0,14
45.92,0.0,0,14
46.84,68.2,27,14
47.76,67.0,28,14
48.67,68.0,30,14
49.59,0.0,0,14
50.51,0.0,0,14
51.43,0.0,0,14
52.35,0.0,0,14
53.27,66.5,38,14
54.18,67.8,39,14
55.10,0.0,0,14
56.02,0.0,0,14
56.94,0.0,0,14
57.86,0.0,0,14
58.78,0.0,0,14
59.69,0.0,0,14
60.61,0.0,0,14
61.53,0.0,0,14
62.45,2.8,238,14
63.37,0.0,0,14
64.29,0.0,0,14
65.20,0.0,0,14
66.12,3.0,230,14
67.04,0.0,0,14
67.96,3.0,227,14
68.88,0.0,0,14
69.80,0.0,0,14
70.71,0.0,0,14
71.63,0.0,0,14
72.55,0.0,0,14
73.47,0.0,0,14
74.39,3.8,215,14
75.31,0.0,0,14
76.22,3.8,214,14
77.14,4.0,212,14
78.06,4.2,211,14
78.98,3.5,211,14
79.90,0.0,0,14
80.82,0.0,0,14
81.73,4.2,208,14
82.65,4.2,208,14
83.57,0.0,0,14
84.49,0.0,0,14
85.41,0.0,0,14
86.33,0.0,0,14
87.24,0.0,0,14
88.16,0.0,0,14
89.08,0.0,0,14
90.00,0.0,0,14
90.92,0.0,0,14
91.84,0.0,0,14
92.76,0.0,0,14
93.67,0.0,0,14
94.59,0.0,0,14
95.51,4.5,202,14
96.43,0.0,0,14
97.35,0.0,0,14
98.27,3.2,204,14
99.18,0.0,0,14
100.10,4.2,202,14
101.02,0.0,0,14
101.94,0.0,0,14
102.86,4.0,204,14
103.78,3.8,204,14
104.69,0.0,0,14
105.61,0.0,0,14
106.53,3.0,206,14
107.45,0.0,0,14
108.37,0.0,0,14
109.29,3.8,207,14
110.20,4.2,209,14
111.12,0.0,0,14
112.04,0.0,0,14
112.96,3.8,211,14
113.88,0.0,0,14
114.80,0.0,0,14
115.71,0.0,0,14
116.63,0.0,0,14
117.55,0.0,0,14
118.47,0.0,0,14
119.39,3.8,220,14
120.31,0.0,0,14
121.22,0.0,0,14
122.14,3.0,225,14
123.06,3.2,226,14
123.98,0.0,0,14
124.90,0.0,0,14
125.82,2.8,231,14
126.73,3.0,233,14
127.65,0.0,0,14
128.57,0.0,0,14
129.49,0.0,0,14
130.41,0.0,0,14
131.33,0.0,0,14
132.24,0.0,0,14
133.16,2.8,250,14
134.08,0.0,0,14
135.00,0.0,0,14
135.92,0.0,0,14
136.84,66.5,5,14
137.76,66.8,9,14
138.67,0.0,0,14
139.59,66.5,16,14
140.51,0.0,0,14
141.43,0.0,0,14
142.35,17.5,176,14
143.27,21.2,173,14
144.18,14.2,178,14
145.10,0.0,0,14
146.02,0.0,0,14
146.94,0.0,0,14
147.86,0.0,0,14
148.78,0.0,0,14
149.69,0.0,0,14
150.61,0.0,0,14
151.53,0.0,0,14
152.45,0.0,0,14
153.37,0.0,0,14
154.29,0.0,0,14
155.20,0.0,0,14
156.12,0.0,0,14
157.04,0.0,0,14
157.96,0.0,0,14
158.88,0.0,0,14
159.80,0.0,0,14
160.71,0.0,0,14
161.63,0.0,0,14
162.55,0.0,0,14
163.47,0.0,0,14
164.39,0.0,0,14
165.31,0.0,0,14
166.22,29.5,95,14
167.14,0.0,0,14
168.06,0.0,0,14
168.98,4.8,237,14
169.90,0.0,0,14
170.82,0.0,0,14
171.73,0.0,0,14
172.65,0.0,0,14
173.57,0.0,0,14
174.49,0.0,0,14
175.41,0.0,0,14
176.33,0.0,0,14
177.24,0.0,0,14
178.16,0.0,0,14
179.08,0.0,0,14
180.00,0.0,0,14
180.92,0.0,0,14
181.84,0.0,0,14
182.76,0.0,0,14
183.67,0.0,0,14
184.59,0.0,0,14
185.51,0.0,0,14
186.43,0.0,0,14
187.35,0.0,0,14
188.27,0.0,0,14
189.18,0.0,0,14
190.10,0.0,0,14
191.02,0.0,0,14
191.94,0.0,0,14
192.86,0.0,0,14
193.78,0.0,0,14
194.69,0.0,0,14
195.61,0.0,0,14
196.53,0.0,0,14
197.45,0.0,0,14
198.37,0.0,0,14
199.29,0.0,0,14
200.20,0.0,0,14
201.12,0.0,0,14
202.04,0.0,0,14
202.96,0.0,0,14
203.88,0.0,0,14
204.80,0.0,0,14
205.71,0.0,0,14
206.63,0.0,0,14
207.55,0.0,0,14
208.47,0.0,0,14
209.39,0.0,0,14
210.31,0.0,0,14
211.22,0.0,0,14
212.14,0.0,0,14
213.06,0.0,0,14
213.98,0.0,0,14
214.90,0.0,0,14
215.82,0.0,0,14
216.73,0.0,0,14
217.65,0.0,0,14
218.57,0.0,0,14
219.49,0.0,0,14
220.41,0.0,0,14
221.33,0.0,0,14
222.24,0.0,0,14
223.16,135.0,3,14
224.08,135.2,5,14
225.00,135.0,8,14
225.92,135.2,11,14
226.84,135.0,13,14
227.76,135.0,17,14
228.67,135.0,19,14
229.59,135.0,23,14
230.51,134.5,27,14
231.43,134.8,30,14
232.35,134.2,34,14
233.27,134.5,38,14
234.18,134.8,43,14
235.10,134.0,48,14
236.02,134.2,52,14
236.94,134.2,57,14
237.86,134.2,62,14
238.78,134.0,68,14
239.69,134.0,73,14
240.61,134.0,79,14
241.53,131.5,79,14
242.45,129.0,101,14
243.37,69.5,249,14
244.29,68.8,245,14
245.20,71.2,242,14
246.12,70.8,244,14
247.04,70.0,250,14
247.96,129.0,8,14
248.88,128.8,64,14
249.80,129.0,63,14
250.71,128.8,64,14
251.63,0.0,0,14
252.55,128.5,65,14
253.47,128.2,66,14
254.39,0.0,0,14
255.31,0.0,0,14
256.22,0.0,0,14
257.14,0.0,0,14
258.06,0.0,0,14
258.98,0.0,0,14
259.90,0.0,0,14
260.82,129.2,74,14
261.73,0.0,0,14
262.65,0.0,0,14
263.57,0.0,0,14
264.49,0.0,0,14
265.41,0.0,0,14
266.33,0.0,0,14
267.24,0.0,0,14
268.16,0.0,0,14
269.08,0.0,0,14
270.00,0.0,0,14
270.92,0.0,0,14
271.84,0.0,0,14
272.76,0.0,0,14
273.67,0.0,0,14
274.59,0.0,0,14
275.51,0.0,0,14
276.43,0.0,0,14
277.35,0.0,0,14
278.27,0.0,0,14
279.18,0.0,0,14
280.10,0.0,0,14
281.02,0.0,0,14
281.94,0.0,0,14
282.86,0.0,0,14
283.78,0.0,0,14
284.69,0.0,0,14
285.61,0.0,0,14
286.53,0.0,0,14
287.45,0.0,0,14
288.37,0.0,0,14
289.29,0.0,0,14
290.20,196.0,17,14
291.12,196.5,16,14
292.04,196.0,14,14
292.96,196.0,13,14
293.88,196.2,11,14
294.80,195.5,15,14
295.71,192.2,18,14
296.63,0.0,0,14
297.55,0.0,0,14
298.47,0.0,0,14
299.39,0.0,0,14
300.31,0.0,0,14
301.22,0.0,0,14
302.14,0.0,0,14
303.06,0.0,0,14
303.98,0.0,0,14
304.90,704.5,237,14
305.82,704.5,205,14
306.73,704.5,178,14
307.65,704.5,162,14
308.57,704.5,151,14
309.49,704.5,139,14
310.41,704.5,115,14
311.33,704.8,89,14
312.24,704.8,68,14
313.16,704.5,51,14
314.08,704.5,40,14
315.00,704.5,30,14
315.92,704.8,21,14
316.84,896.5,46,14
317.76,896.5,72,14
318.67,896.5,103,14
319.59,896.5,127,14
320.51,896.5,151,14
321.43,896.5,183,14
322.35,896.5,199,14
323.27,896.5,211,14
324.18,896.0,196,14
325.10,896.0,150,14
326.02,960.0,12,14
326.94,896.2,204,14
327.86,960.0,79,14
328.78,960.2,29,14
329.69,960.2,146,14
330.61,960.0,128,14
331.53,960.0,170,14
332.45,960.2,235,14
333.37,960.2,218,14
334.29,1024.0,59,14
335.20,1024.0,87,14
336.12,1024.2,79,14
337.04,1024.0,208,14
337.96,1024.2,172,14
338.88,1088.0,5,14
339.80,1088.0,38,14
340.71,1088.0,98,14
341.63,1152.2,36,14
342.55,1152.2,132,14
343.47,1152.2,227,14
344.39,1216.2,49,14
345.31,1216.2,114,14
346.22,0.0,0,14
347.14,0.0,0,14
348.06,7.0,216,14
348.98,14.0,217,14
349.90,0.0,0,14
350.82,0.0,0,14
351.73,0.0,0,14
352.65,0.0,0,14
353.57,0.0,0,14
354.49,0.0,0,14
355.41,0.0,0,14
356.33,0.0,0,14
357.24,0.0,0,14
358.16,0.0,0,14
359.08,0.0,0,14
0.00,0.0,0,15
0.90,0.0,0,15
1.80,6.5,190,15
2.70,0.0,0,15
3.60,9.2,190,15
4.50,0.0,0,15
5.40,0.0,0,15
6.30,0.0,0,15
7.20,0.0,0,15
8.10,2.0,192,15
9.00,0.0,0,15
9.90,0.0,0,15
10.80,0.0,0,15
11.70,0.0,0,15
12.60,17.2,128,15
13.50,16.2,127,15
14.40,0.0,0,15
15.30,0.0,0,15
16.20,0.0,0,15
17.10,0.0,0,15
18.00,0.0,0,15
18.90,0.0,0,15
19.80,0.0,0,15
20.70,11.8,122,15
21.60,0.0,0,15
22.50,0.0,0,15
23.40,0.0,0,15
24.30,0.0,0,15
25.20,0.0,0,15
26.10,0.0,0,15
27.00,0.0,0,15
27.90,0.0,0,15
28.80,0.0,0,15
29.70,0.0,0,15
30.60,0.0,0,15
31.50,0.0,0,15
32.40,0.0,0,15
33.30,0.0,0,15
34.20,0.0,0,15
35.10,0.0,0,15
36.00,0.0,0,15
36.90,0.0,0,15
37.80,0.0,0,15
38.70,0.0,0,15
39.60,0.0,0,15
40.50,0.0,0,15
41.40,0.0,0,15
42.30,0.0,0,15
43.20,0.0,0,15
44.10,0.0,0,15
45.00,68.0,25,15
45.90,68.0,26,15
46.80,0.0,0,15
47.70,0.0,0,15
48.60,67.8,26,15
49.50,68.5,28,15
50.40,0.0,0,15
51.30,0.0,0,15
52.20,67.5,31,15
53.10,0.0,0,15
54.00,68.2,34,15
54.90,0.0,0,15
55.80,0.0,0,15
56.70,0.0,0,15
57.60,0.0,0,15
58.50,67.8,41,15
59.40,0.0,0,15
60.30,68.2,42,15
61.20,0.0,0,15
62.10,68.8,45,15
63.00,66.8,48,15
63.90,2.2,238,15
64.80,2.8,238,15
65.70,0.0,0,15
66.60,3.2,233,15
67.50,0.0,0,15
68.40,0.0,0,15
69.30,0.0,0,15
70.20,0.0,0,15
71.10,0.0,0,15
72.00,0.0,0,15
72.90,3.5,222,15
73.80,3.2,220,15
74.70,3.8,218,15
75.60,0.0,0,15
76.50,3.5,216,15
77.40,0.0,0,15
78.30,0.0,0,15
79.20,0.0,0,15
80.10,0.0,0,15
81.00,0.0,0,15
81.90,0.0,0,15
82.80,0.0,0,15
83.70,3.5,208,15
84.60,3.8,207,15
85.50,0.0,0,15
86.40,0.0,0,15
87.30,0.0,0,15
88.20,3.5,204,15
89.10,0.0,0,15
90.00,0.0,0,15
90.90,3.8,203,15
91.80,0.0,0,15
92.70,3.8,204,15
93.60,0.0,0,15
94.50,0.0,0,15
95.40,4.5,202,15
96.30,0.0,0,15
97.20,0.0,0,15
98.10,0.0,0,15
99.00,0.0,0,15
99.90,0.0,0,15
100.80,0.0,0,15
101.70,4.2,202,15
102.60,0.0,0,15
103.50,0.0,0,15
104.40,4.5,203,15
105.30,0.0,0,15
106.20,0.0,0,15
107.10,0.0,0,15
108.00,0.0,0,15
108.90,0.0,0,15
109.80,0.0,0,15
110.70,0.0,0,15
111.60,0.0,0,15
112.50,0.0,0,15
113.40,4.0,211,15
114.30,3.5,212,15
115.20,4.0,213,15
116.10,0.0,0,15
117.00,3.8,214,15
117.90,4.0,216,15
118.80,0.0,0,15
119.70,0.0,0,15
120.60,3.8,220,15
121.50,3.2,221,15
122.40,3.5,222,15
123.30,0.0,0,15
124.20,0.0,0,15
125.10,3.0,227,15
126.00,3.8,229,15
126.90,0.0,0,15
127.80,0.0,0,15
128.70,0.0,0,15
129.60,3.2,237,15
130.50,0.0,0,15
131.40,3.0,241,15
132.30,0.0,0,15
133.20,0.0,0,15
134.10,0.0,0,15
135.00,2.8,251,15
135.90,0.0,0,15
136.80,0.0,0,15
137.70,0.0,0,15
138.60,0.0,0,15
139.50,0.0,0,15
140.40,66.2,15,15
141.30,66.5,17,15
142.20,65.8,22,15
143.10,17.0,178,15
144.00,19.5,175,15
144.90,21.5,173,15
145.80,0.0,0,15
146.70,0.0,0,15
147.60,0.0,0,15
148.50,0.0,0,15
149.40,0.0,0,15
150.30,0.0,0,15
151.20,0.0,0,15
152.10,0.0,0,15
153.00,0.0,0,15
153.90,0.0,0,15
154.80,0.0,0,15
155.70,0.0,0,15
156.60,0.0,0,15
157.50,0.0,0,15
158.40,0.0,0,15
159.30,0.0,0,15
160.20,0.0,0,15
161.10,0.0,0,15
162.00,0.0,0,15
162.90,0.0,0,15
163.80,0.0,0,15
164.70,0.0,0,15
165.60,0.0,0,15
166.50,0.0,0,15
167.40,0.0,0,15
168.30,0.0,0,15
169.20,0.0,0,15
170.10,0.0,0,15
171.00,0.0,0,15
171.90,0.0,0,15
172.80,0.0,0,15
173.70,0.0,0,15
174.60,0.0,0,15
175.50,0.0,0,15
176.40,0.0,0,15
177.30,0.0,0,15
178.20,0.0,0,15
179.10,0.0,0,15
180.00,0.0,0,15
180.90,0.0,0,15
181.80,0.0,0,15
182.70,0.0,0,15
183.60,0.0,0,15
184.50,0.0,0,15
185.40,0.0,0,15
186.30,0.0,0,15
187.20,0.0,0,15
188.10,0.0,0,15
189.00,0.0,0,15
189.90,0.0,0,15
190.80,0.0,0,15
191.70,0.0,0,15
192.60,0.0,0,15
193.50,0.0,0,15
194.40,0.0,0,15
195.30,0.0,0,15
196.20,0.0,0,15
197.10,0.0,0,15
198.00,0.0,0,15
198.90,0.0,0,15
199.80,0.0,0,15
200.70,0.0,0,15
201.60,0.0,0,15
202.50,0.0,0,15
203.40,0.0,0,15
204.30,0.0,0,15
205.20,0.0,0,15
206.10,0.0,0,15
207.00,0.0,0,15
207.90,0.0,0,15
208.80,0.0,0,15
209.70,0.0,0,15
210.60,0.0,0,15
211.50,0.0,0,15
212.40,0.0,0,15
213.30,0.0,0,15
214.20,0.0,0,15
215.10,0.0,0,15
216.00,0.0,0,15
216.90,0.0,0,15
217.80,0.0,0,15
218.70,0.0,0,15
219.60,0.0,0,15
220.50,0.0,0,15
221.40,0.0,0,15
222.30,0.0,0,15
223.20,135.2,3,15
224.10,135.0,5,15
225.00,135.0,7,15
225.90,135.2,10,15
226.80,135.2,12,15
227.70,135.0,16,15
228.60,134.8,19,15
229.50,134.8,22,15
230.40,134.8,25,15
231.30,134.8,29,15
232.20,134.2,33,15
233.10,134.5,37,15
234.00,134.2,41,15
234.90,134.5,45,15
235.80,134.2,49,15
236.70,134.2,54,15
237.60,133.5,60,15
238.50,134.0,65,15
239.40,134.0,70,15
240.30,134.0,75,15
241.20,130.8,90,15
242.10,134.0,88,15
243.00,69.5,251,15
243.90,65.5,244,15
244.80,0.0,0,15
245.70,71.0,243,15
246.60,69.8,246,15
247.50,69.0,253,15
248.40,0.0,0,15
249.30,0.0,0,15
250.20,130.2,63,15
251.10,128.5,63,15
252.00,128.8,65,15
252.90,128.5,65,15
253.80,128.5,64,15
254.70,0.0,0,15
255.60,128.2,67,15
256.50,0.0,0,15
257.40,0.0,0,15
258.30,0.0,0,15
259.20,0.0,0,15
260.10,0.0,0,15
261.00,129.5,75,15
261.90,0.0,0,15
262.80,0.0,0,15
263.70,0.0,0,15
264.60,0.0,0,15
265.50,0.0,0,15
266.40,0.0,0,15
267.30,0.0,0,15
268.20,0.0,0,15
269.10,0.0,0,15
270.00,0.0,0,15
270.90,0.0,0,15
271.80,0.0,0,15
272.70,0.0,0,15
273.60,0.0,0,15
274.50,0.0,0,15
275.40,0.0,0,15
276.30,0.0,0,15
277.20,0.0,0,15
278.10,0.0,0,15
279.00,0.0,0,15
279.90,0.0,0,15
280.80,0.0,0,15
281.70,0.0,0,15
282.60,0.0,0,15
283.50,0.0,0,15
284.40,0.0,0,15
285.30,0.0,0,15
286.20,0.0,0,15
287.10,0.0,0,15
288.00,0.0,0,15
288.90,0.0,0,15
289.80,196.2,18,15
290.70,196.2,17,15
291.60,196.0,15,15
292.50,196.2,14,15
293.40,196.2,12,15
294.30,196.2,12,15
295.20,192.2,20,15
296.10,0.0,0,15
297.00,0.0,0,15
297.90,0.0,0,15
298.80,0.0,0,15
299.70,0.0,0,15
300.60,0.0,0,15
301.50,0.0,0,15
302.40,0.0,0,15
303.30,0.0,0,15
304.20,704.0,255,15
305.10,704.5,224,15
306.00,704.5,184,15
306.90,704.5,171,15
307.80,704.5,162,15
308.70,704.5,141,15
309.60,704.5,125,15
310.50,704.5,95,15
311.40,704.5,75,15
312.30,704.5,64,15
313.20,704.5,44,15
314.10,704.8,34,15
315.00,704.5,34,15
315.90,896.2,50,15
316.80,896.2,66,15
317.70,896.5,78,15
318.60,896.5,109,15
319.50,896.5,138,15
320.40,896.5,168,15
321.30,896.5,192,15
322.20,896.5,203,15
323.10,896.5,217,15
324.00,896.2,133,15
324.90,896.0,248,15
325.80,896.0,192,15
326.70,960.0,60,15
327.60,960.0,53,15
328.50,960.0,114,15
329.40,960.0,150,15
330.30,960.2,130,15
331.20,960.0,191,15
332.10,960.2,224,15
333.00,960.0,214,15
333.90,1024.2,78,15
334.80,1024.0,100,15
335.70,1024.0,84,15
336.60,1024.0,194,15
337.50,1024.0,189,15
338.40,1088.0,26,15
339.30,1088.0,68,15
340.20,1088.0,124,15
341.10,1152.2,51,15
342.00,1152.2,154,15
342.90,1152.2,242,15
343.80,1216.2,66,15
344.70,1216.0,130,15
345.60,6.0,221,15
346.50,5.5,218,15
347.40,0.0,0,15
348.30,10.5,219,15
349.20,0.0,0,15
350.10,7.0,210,15
351.00,2.0,215,15
351.90,0.0,0,15
352.80,0.0,0,15
353.70,0.0,0,15
354.60,0.0,0,15
355.50,0.0,0,15
356.40,0.0,0,15
357.30,0.0,0,15
358.20,0.0,0,15
359.10,0.0,0,15
0.00,0.0,0,16
0.90,5.8,190,16
1.80,9.2,191,16
2.70,10.5,190,16
3.60,0.0,0,16
4.50,0.0,0,16
5.40,0.0,0,16
6.30,0.0,0,16
7.20,0.0,0,16
8.10,0.0,0,16
9.00,0.0,0,16
9.90,10.8,129,16
10.80,17.0,129,16
11.70,0.0,0,16
12.60,0.0,0,16
13.50,0.0,0,16
14.40,0.0,0,16
15.30,0.0,0,16
16.20,15.8,128,16
17.10,0.0,0,16
18.00,0.0,0,16
18.90,0.0,0,16
19.80,0.0,0,16
20.70,0.0,0,16
21.60,0.0,0,16
22.50,0.0,0,16
23.40,0.0,0,16
24.30,0.0,0,16
25.20,18.2,118,16
26.10,0.0,0,16
27.00,0.0,0,16
27.90,0.0,0,16
28.80,0.0,0,16
29.70,0.0,0,16
30.60,6.8,121,16
31.50,0.0,0,16
32.40,0.0,0,16
33.30,0.0,0,16
34.20,0.0,0,16
35.10,0.0,0,16
36.00,0.0,0,16
36.90,0.0,0,16
37.80,0.0,0,16
38.70,0.0,0,16
39.60,0.0,0,16
40.50,0.0,0,16
41.40,0.0,0,16
42.30,0.0,0,16
43.20,0.0,0,16
44.10,0.0,0,16
45.00,69.0,25,16
45.90,67.5,26,16
46.80,68.8,26,16
47.70,67.5,25,16
48.60,68.0,27,16
49.50,67.0,29,16
50.40,67.2,29,16
51.30,0.0,0,16
52.20,0.0,0,16
53.10,0.0,0,16
54.00,0.0,0,16
54.90,0.0,0,16
55.80,0.0,0,16
56.70,0.0,0,16
57.60,0.0,0,16
58.50,0.0,0,16
59.40,0.0,0,16
60.30,0.0,0,16
61.20,0.0,0,16
62.10,0.0,0,16
63.00,0.0,0,16
63.90,2.8,237,16
64.80,0.0,0,16
65.70,0.0,0,16
66.60,2.8,233,16
67.50,0.0,0,16
68.40,0.0,0,16
69.30,0.0,0,16
70.20,0.0,0,16
71.10,0.0,0,16
72.00,3.5,221,16
72.90,0.0,0,16
73.80,0.0,0,16
74.70,0.0,0,16
75.60,0.0,0,16
76.50,0.0,0,16
77.40,0.0,0,16
78.30,0.0,0,16
79.20,3.5,212,16
80.10,0.0,0,16
81.00,0.0,0,16
81.90,3.8,209,16
82.80,3.8,208,16
83.70,0.0,0,16
84.60,3.8,207,16
85.50,0.0,0,16
86.40,0.0,0,16
87.30,0.0,0,16
88.20,0.0,0,16
89.10,0.0,0,16
90.00,0.0,0,16
90.90,0.0,0,16
91.80,3.8,204,16
92.70,0.0,0,16
93.60,0.0,0,16
94.50,4.5,202,16
95.40,0.0,0,16
96.30,0.0,0,16
97.20,4.5,202,16
98.10,0.0,0,16
99.00,0.0,0,16
99.90,0.0,0,16
100.80,4.5,203,16
101.70,0.0,0,16
102.60,0.0,0,16
103.50,4.2,205,16
104.40,0.0,0,16
105.30,0.0,0,16
106.20,4.2,205,16
107.10,0.0,0,16
108.00,4.0,206,16
108.90,0.0,0,16
109.80,0.0,0,16
110.70,0.0,0,16
111.60,0.0,0,16
112.50,3.8,211,16
113.40,4.0,211,16
114.30,3.8,212,16
115.20,3.5,214,16
116.10,0.0,0,16
117.00,0.0,0,16
117.90,0.0,0,16
118.80,0.0,0,16
119.70,0.0,0,16
120.60,0.0,0,16
121.50,0.0,0,16
122.40,0.0,0,16
123.30,3.2,226,16
124.20,0.0,0,16
125.10,0.0,0,16
126.00,0.0,0,16
126.90,0.0,0,16
127.80,0.0,0,16
128.70,0.0,0,16
129.60,0.0,0,16
130.50,3.2,244,16
131.40,0.0,0,16
132.30,0.0,0,16
133.20,3.0,251,16
134.10,0.0,0,16
135.00,0.0,0,16
135.90,0.0,0,16
136.80,66.5,7,16
137.70,0.0,0,16
138.60,0.0,0,16
139.50,66.2,18,16
140.40,66.0,23,16
141.30,17.2,178,16
142.20,19.2,175,16
143.10,20.8,173,16
144.00,0.0,0,16
144.90,0.0,0,16
145.80,0.0,0,16
146.70,0.0,0,16
147.60,0.0,0,16
148.50,0.0,0,16
149.40,0.0,0,16
150.30,0.0,0,16
151.20,0.0,0,16
152.10,0.0,0,16
153.00,0.0,0,16
153.90,0.0,0,16
154.80,0.0,0,16
155.70,0.0,0,16
156.60,0.0,0,16
157.50,0.0,0,16
158.40,0.0,0,16
159.30,0.0,0,16
160.20,0.0,0,16
161.10,0.0,0,16
162.00,0.0,0,16
162.90,0.0,0,16
163.80,0.0,0,16
164.70,0.0,0,16
165.60,29.8,96,16
166.50,0.0,0,16
167.40,0.0,0,16
168.30,1.5,237,16
169.20,0.0,0,16
170.10,0.0,0,16
171.00,0.0,0,16
171.90,0.0,0,16
172.80,0.0,0,16
173.70,0.0,0,16
174.60,0.0,0,16
175.50,0.0,0,16
176.40,0.0,0,16
177.30,0.0,0,16
178.20,0.0,0,16
179.10,0.0,0,16
180.00,0.0,0,16
180.90,0.0,0,16
181.80,0.0,0,16
182.70,0.0,0,16
183.60,0.0,0,16
184.50,0.0,0,16
185.40,0.0,0,16
186.30,0.0,0,16
187.20,0.0,0,16
188.10,0.0,0,16
189.00,0.0,0,16
189.90,0.0,0,16
190.80,0.0,0,16
191.70,0.0,0,16
192.60,0.0,0,16
193.50,0.0,0,16
194.40,0.0,0,16
195.30,0.0,0,16
196.20,0.0,0,16
197.10,0.0,0,16
198.00,0.0,0,16
198.90,0.0,0,16
199.80,0.0,0,16
200.70,0.0,0,16
201.60,0.0,0,16
202.50,0.0,0,16
203.40,0.0,0,16
204.30,0.0,0,16
205.20,0.0,0,16
206.10,0.0,0,16
207.00,0.0,0,16
207.90,0.0,0,16
208.80,0.0,0,16
209.70,0.0,0,16
210.60,0.0,0,16
211.50,0.0,0,16
212.40,0.0,0,16
213.30,0.0,0,16
214.20,0.0,0,16
215.10,0.0,0,16
216.00,0.0,0,16
216.90,0.0,0,16
217.80,0.0,0,16
218.70,0.0,0,16
219.60,0.0,0,16
220.50,135.2,2,16
221.40,135.2,4,16
222.30,135.2,6,16
223.20,135.0,10,16
224.10,134.8,12,16
225.00,135.0,15,16
225.90,134.8,18,16
226.80,135.0,21,16
227.70,134.8,24,16
228.60,134.8,29,16
229.50,134.5,32,16
230.40,134.5,36,16
231.30,134.2,41,16
232.20,134.5,45,16
233.10,134.2,49,16
234.00,134.2,54,16
234.90,133.5,60,16
235.80,134.2,65,16
236.70,134.0,71,16
237.60,134.0,75,16
238.50,130.2,90,16
239.40,134.0,89,16
240.30,69.5,251,16
241.20,0.0,0,16
242.10,69.5,240,16
243.00,71.0,243,16
243.90,69.2,247,16
244.80,68.8,255,16
245.70,128.2,61,16
246.60,128.5,63,16
247.50,129.5,65,16
248.40,128.5,65,16
249.30,128.5,64,16
250.20,0.0,0,16
251.10,128.5,65,16
252.00,0.0,0,16
252.90,0.0,0,16
253.80,0.0,0,16
254.70,0.0,0,16
255.60,0.0,0,16
256.50,0.0,0,16
257.40,0.0,0,16
258.30,0.0,0,16
259.20,0.0,0,16
260.10,0.0,0,16
261.00,0.0,0,16
261.90,0.0,0,16
262.80,0.0,0,16
263.70,0.0,0,16
264.60,0.0,0,16
265.50,0.0,0,16
266.40,0.0,0,16
267.30,0.0,0,16
268.20,0.0,0,16
269.10,0.0,0,16
270.00,0.0,0,16
270.90,0.0,0,16
271.80,0.0,0,16
272.70,0.0,0,16
273.60,0.0,0,16
274.50,0.0,0,16
275.40,0.0,0,16
276.30,0.0,0,16
277.20,0.0,0,16
278.10,0.0,0,16
279.00,0.0,0,16
279.90,0.0,0,16
280.80,0.0,0,16
281.70,0.0,0,16
282.60,0.0,0,16
283.50,0.0,0,16
284.40,0.0,0,16
285.30,0.0,0,16
286.20,196.2,18,16
287.10,196.2,17,16
288.00,196.0,15,16
288.90,196.2,14,16
289.80,196.2,12,16
290.70,196.2,12,16
291.60,192.2,11,16
292.50,0.0,0,16
293.40,0.0,0,16
294.30,0.0,0,16
295.20,0.0,0,16
296.10,0.0,0,16
297.00,0.0,0,16
297.90,0.0,0,16
298.80,0.0,0,16
299.70,0.0,0,16
300.60,0.0,0,16
301.50,704.5,230,16
302.40,704.5,191,16
303.30,704.5,173,16
304.20,704.8,162,16
305.10,704.5,143,16
306.00,704.5,125,16
306.90,704.5,98,16
307.80,704.8,75,16
308.70,704.5,61,16
309.60,704.5,43,16
310.50,704.8,34,16
311.40,704.5,35,16
312.30,896.2,54,16
313.20,896.5,74,16
314.10,896.5,86,16
315.00,896.5,121,16
315.90,896.5,146,16
316.80,896.5,169,16
317.70,896.5,192,16
318.60,896.5,201,16
319.50,896.5,217,16
320.40,896.2,134,16
321.30,896.0,255,16
322.20,896.0,196,16
323.10,960.0,70,16
324.00,960.0,36,16
324.90,960.0,139,16
325.80,960.0,149,16
326.70,960.2,134,16
327.60,960.0,203,16
328.50,960.2,214,16
329.40,960.0,245,16
330.30,1024.2,69,16
331.20,1024.0,120,16
332.10,1024.0,89,16
333.00,1024.0,173,16
333.90,1024.0,197,16
334.80,1088.0,24,16
335.70,1088.0,93,16
336.60,1088.0,128,16
337.50,1152.2,68,16
338.40,1152.2,166,16
339.30,1216.2,1,16
340.20,1216.2,69,16
341.10,1216.0,134,16
342.00,5.2,220,16
342.90,0.0,0,16
343.80,0.0,0,16
344.70,0.0,0,16
345.60,3.5,210,16
346.50,0.0,0,16
347.40,0.0,0,16
348.30,0.0,0,16
349.20,0.0,0,16
350.10,0.0,0,16
351.00,0.0,0,16
351.90,0.0,0,16
352.80,0.0,0,16
353.70,0.0,0,16
354.60,0.0,0,16
355.50,0.0,0,16
356.40,0.0,0,16
357.30,0.0,0,16
358.20,0.0,0,16
359.10,0.0,0,16
0.00,7.8,186,17
0.92,0.0,0,17
1.84,5.5,185,17
2.76,0.0,0,17
3.67,0.0,0,17
4.59,0.0,0,17
5.51,0.0,0,17
6.43,0.0,0,17
7.35,18.5,129,17
8.27,0.0,0,17
9.18,20.8,127,17
10.10,0.0,0,17
11.02,0.0,0,17
11.94,17.2,127,17
12.86,0.0,0,17
13.78,12.8,129,17
14.69,0.0,0,17
15.61,0.0,0,17
16.53,0.0,0,17
17.45,0.0,0,17
18.37,0.0,0,17
19.29,19.8,118,17
20.20,0.0,0,17
21.12,0.0,0,17
22.04,0.0,0,17
22.96,0.0,0,17
23.88,0.0,0,17
24.80,0.0,0,17
25.71,0.0,0,17
26.63,0.0,0,17
27.55,0.0,0,17
28.47,0.0,0,17
29.39,0.0,0,17
30.31,0.0,0,17
31.22,0.0,0,17
32.14,0.0,0,17
33.06,0.0,0,17
33.98,0.0,0,17
34.90,0.0,0,17
35.82,0.0,0,17
36.73,0.0,0,17
37.65,0.0,0,17
38.57,0.0,0,17
39.49,0.0,0,17
40.41,0.0,0,17
41.33,0.0,0,17
42.24,67.8,24,17
43.16,0.0,0,17
44.08,0.0,0,17
45.00,68.0,26,17
45.92,0.0,0,17
46.84,0.0,0,17
47.76,0.0,0,17
48.67,0.0,0,17
49.59,68.0,33,17
50.51,0.0,0,17
51.43,0.0,0,17
52.35,67.5,39,17
53.27,67.2,42,17
54.18,67.5,41,17
55.10,0.0,0,17
56.02,0.0,0,17
56.94,0.0,0,17
57.86,0.0,0,17
58.78,0.0,0,17
59.69,0.0,0,17
60.61,0.0,0,17
61.53,0.0,0,17
62.45,0.0,0,17
63.37,2.8,234,17
64.29,0.0,0,17
65.20,3.0,230,17
66.12,2.8,227,17
67.04,3.5,225,17
67.96,0.0,0,17
68.88,3.2,222,17
69.80,3.5,220,17
70.71,0.0,0,17
71.63,4.0,218,17
72.55,3.5,217,17
73.47,0.0,0,17
74.39,3.8,214,17
75.31,0.0,0,17
76.22,0.0,0,17
77.14,0.0,0,17
78.06,0.0,0,17
78.98,0.0,0,17
79.90,0.0,0,17
80.82,0.0,0,17
81.73,0.0,0,17
82.65,3.8,206,17
83.57,0.0,0,17
84.49,0.0,0,17
85.41,0.0,0,17
86.33,4.2,204,17
87.24,0.0,0,17
88.16,0.0,0,17
89.08,0.0,0,17
90.00,0.0,0,17
90.92,0.0,0,17
91.84,0.0,0,17
92.76,0.0,0,17
93.67,0.0,0,17
94.59,4.2,202,17
95.51,0.0,0,17
96.43,3.5,203,17
97.35,0.0,0,17
98.27,3.8,203,17
99.18,0.0,0,17
100.10,0.0,0,17
101.02,0.0,0,17
101.94,4.0,205,17
102.86,0.0,0,17
103.78,0.0,0,17
104.69,4.2,206,17
105.61,0.0,0,17
106.53,0.0,0,17
107.45,0.0,0,17
108.37,0.0,0,17
109.29,0.0,0,17
110.20,0.0,0,17
111.12,0.0,0,17
112.04,4.0,212,17
112.96,0.0,0,17
113.88,0.0,0,17
114.80,4.2,216,17
115.71,0.0,0,17
116.63,0.0,0,17
117.55,3.8,220,17
118.47,0.0,0,17
119.39,0.0,0,17
120.31,0.0,0,17
121.22,0.0,0,17
122.14,3.0,227,17
123.06,3.5,229,17
123.98,0.0,0,17
124.90,0.0,0,17
125.82,0.0,0,17
126.73,0.0,0,17
127.65,0.0,0,17
128.57,3.0,241,17
129.49,0.0,0,17
130.41,0.0,0,17
131.33,0.0,0,17
132.24,0.0,0,17
133.16,0.0,0,17
134.08,0.0,0,17
135.00,0.0,0,17
135.92,0.0,0,17
136.84,0.0,0,17
137.76,0.0,0,17
138.67,66.2,18,17
139.59,0.0,0,17
140.51,16.2,178,17
141.43,20.8,175,17
142.35,21.5,173,17
143.27,0.0,0,17
144.18,0.0,0,17
145.10,0.0,0,17
146.02,0.0,0,17
146.94,0.0,0,17
147.86,4.8,158,17
148.78,0.0,0,17
149.69,0.0,0,17
150.61,0.0,0,17
151.53,0.0,0,17
152.45,0.0,0,17
153.37,0.0,0,17
154.29,0.0,0,17
155.20,0.0,0,17
156.12,0.0,0,17
157.04,0.0,0,17
157.96,0.0,0,17
158.88,0.0,0,17
159.80,0.0,0,17
160.71,0.0,0,17
161.63,0.0,0,17
162.55,0.0,0,17
163.47,0.0,0,17
164.39,0.0,0,17
165.31,30.5,96,17
166.22,0.0,0,17
167.14,8.2,238,17
168.06,1.8,237,17
168.98,0.0,0,17
169.90,0.0,0,17
170.82,0.0,0,17
171.73,0.0,0,17
172.65,0.0,0,17
173.57,0.0,0,17
174.49,0.0,0,17
175.41,0.0,0,17
176.33,0.0,0,17
177.24,0.0,0,17
178.16,0.0,0,17
179.08,0.0,0,17
180.00,0.0,0,17
180.92,0.0,0,17
181.84,0.0,0,17
182.76,0.0,0,17
183.67,0.0,0,17
184.59,0.0,0,17
185.51,0.0,0,17
186.43,0.0,0,17
187.35,0.0,0,17
188.27,0.0,0,17
189.18,0.0,0,17
190.10,0.0,0,17
191.02,0.0,0,17
191.94,0.0,0,17
192.86,0.0,0,17
193.78,0.0,0,17
194.69,0.0,0,17
195.61,0.0,0,17
196.53,0.0,0,17
197.45,0.0,0,17
198.37,0.0,0,17
199.29,0.0,0,17
200.20,0.0,0,17
201.12,0.0,0,17
202.04,0.0,0,17
202.96,0.0,0,17
203.88,0.0,0,17
204.80,0.0,0,17
205.71,0.0,0,17
206.63,0.0,0,17
207.55,0.0,0,17
208.47,0.0,0,17
209.39,0.0,0,17
210.31,0.0,0,17
211.22,0.0,0,17
212.14,0.0,0,17
213.06,0.0,0,17
213.98,0.0,0,17
214.90,0.0,0,17
215.82,0.0,0,17
216.73,0.0,0,17
217.65,0.0,0,17
218.57,0.0,0,17
219.49,0.0,0,17
220.41,0.0,0,17
221.33,70.0,255,17
222.24,135.0,4,17
223.16,135.0,7,17
224.08,135.2,9,17
225.00,135.0,12,17
225.92,134.8,15,17
226.84,135.0,17,17
227.76,135.0,19,17
228.67,135.0,23,17
229.59,134.5,27,17
230.51,134.8,31,17
231.43,134.2,35,17
232.35,134.5,38,17
233.27,134.8,43,17
234.18,134.0,47,17
235.10,134.2,52,17
236.02,134.2,56,17
236.94,134.2,62,17
237.86,134.2,68,17
238.78,134.0,73,17
239.69,134.0,78,17
240.61,0.0,0,17
241.53,131.2,97,17
242.45,70.0,249,17
243.37,69.8,242,17
244.29,71.0,242,17
245.20,70.5,244,17
246.12,69.8,248,17
247.04,131.5,3,17
247.96,128.5,62,17
248.88,128.8,62,17
249.80,128.8,65,17
250.71,0.0,0,17
251.63,128.8,64,17
252.55,0.0,0,17
253.47,0.0,0,17
254.39,0.0,0,17
255.31,0.0,0,17
256.22,0.0,0,17
257.14,0.0,0,17
258.06,0.0,0,17
258.98,0.0,0,17
259.90,0.0,0,17
260.82,0.0,0,17
261.73,0.0,0,17
262.65,0.0,0,17
263.57,0.0,0,17
264.49,0.0,0,17
265.41,0.0,0,17
266.33,0.0,0,17
267.24,0.0,0,17
268.16,0.0,0,17
269.08,0.0,0,17
270.00,0.0,0,17
270.92,0.0,0,17
271.84,0.0,0,17
272.76,0.0,0,17
273.67,0.0,0,17
274.59,0.0,0,17
275.51,0.0,0,17
276.43,0.0,0,17
277.35,0.0,0,17
278.27,0.0,0,17
279.18,0.0,0,17
280.10,0.0,0,17
281.02,0.0,0,17
281.94,0.0,0,17
282.86,0.0,0,17
283.78,0.0,0,17
284.69,0.0,0,17
285.61,0.0,0,17
286.53,0.0,0,17
287.45,0.0,0,17
288.37,0.0,0,17
289.29,0.0,0,17
290.20,196.2,17,17
291.12,196.5,16,17
292.04,196.2,12,17
292.96,196.0,14,17
293.88,196.2,12,17
294.80,0.0,0,17
295.71,0.0,0,17
296.63,0.0,0,17
297.55,0.0,0,17
298.47,0.0,0,17
299.39,0.0,0,17
300.31,0.0,0,17
301.22,0.0,0,17
302.14,0.0,0,17
303.06,0.0,0,17
303.98,0.0,0,17
304.90,704.5,228,17
305.82,704.5,202,17
306.73,704.5,179,17
307.65,704.5,161,17
308.57,704.5,145,17
309.49,704.5,133,17
310.41,704.5,110,17
311.33,704.5,80,17
312.24,704.8,67,17
313.16,704.5,55,17
314.08,704.5,37,17
315.00,704.5,44,17
315.92,704.5,38,17
316.84,896.2,55,17
317.76,896.5,77,17
318.67,896.5,102,17
319.59,896.5,137,17
320.51,896.2,160,17
321.43,896.5,186,17
322.35,896.5,200,17
323.27,896.5,212,17
324.18,896.0,143,17
325.10,896.0,166,17
326.02,896.0,222,17
326.94,896.0,192,17
327.86,960.0,70,17
328.78,960.0,38,17
329.69,960.0,158,17
330.61,960.2,119,17
331.53,960.0,155,17
332.45,960.2,227,17
333.37,960.2,216,17
334.29,1024.2,57,17
335.20,1024.0,93,17
336.12,1024.0,85,17
337.04,1024.0,227,17
337.96,1024.2,167,17
338.88,1088.0,24,17
339.80,1088.0,55,17
340.71,1088.0,128,17
341.63,1152.2,51,17
342.55,1152.2,131,17
343.47,1152.2,218,17
344.39,1216.2,44,17
345.31,2.2,220,17
346.22,0.0,0,17
347.14,0.0,0,17
348.06,8.2,215,17
348.98,0.0,0,17
349.90,0.0,0,17
350.82,0.0,0,17
351.73,2.5,209,17
352.65,0.0,0,17
353.57,0.0,0,17
354.49,0.0,0,17
355.41,0.0,0,17
356.33,9.0,149,17
357.24,9.8,149,17
358.16,0.0,0,17
359.08,0.0,0,17
0.00,0.0,0,18
0.90,0.0,0,18
1.80,0.0,0,18
2.70,0.0,0,18
3.60,0.0,0,18
4.50,0.0,0,18
5.40,0.0,0,18
6.30,0.0,0,18
7.20,0.0,0,18
8.10,0.0,0,18
9.00,0.0,0,18
9.90,5.0,130,18
10.80,0.0,0,18
11.70,0.0,0,18
12.60,0.0,0,18
13.50,0.0,0,18
14.40,20.2,127,18
15.30,14.8,127,18
16.20,0.0,0,18
17.10,0.0,0,18
18.00,0.0,0,18
18.90,11.0,130,18
19.80,0.0,0,18
20.70,0.0,0,18
21.60,0.0,0,18
22.50,0.0,0,18
23.40,17.8,119,18
24.30,0.0,0,18
25.20,0.0,0,18
26.10,0.0,0,18
27.00,0.0,0,18
27.90,0.0,0,18
28.80,0.0,0,18
29.70,0.0,0,18
30.60,0.0,0,18
31.50,0.0,0,18
32.40,11.5,122,18
33.30,0.0,0,18
34.20,0.0,0,18
35.10,0.0,0,18
36.00,0.0,0,18
36.90,0.0,0,18
37.80,0.0,0,18
38.70,0.0,0,18
39.60,0.0,0,18
40.50,0.0,0,18
41.40,0.0,0,18
42.30,0.0,0,18
43.20,0.0,0,18
44.10,0.0,0,18
45.00,0.0,0,18
45.90,68.8,25,18
46.80,0.0,0,18
47.70,0.0,0,18
48.60,0.0,0,18
49.50,0.0,0,18
50.40,0.0,0,18
51.30,0.0,0,18
52.20,0.0,0,18
53.10,0.0,0,18
54.00,0.0,0,18
54.90,0.0,0,18
55.80,0.0,0,18
56.70,0.0,0,18
57.60,0.0,0,18
58.50,67.5,42,18
59.40,0.0,0,18
60.30,0.0,0,18
61.20,0.0,0,18
62.10,69.8,45,18
63.00,67.8,46,18
63.90,0.0,0,18
64.80,0.0,0,18
65.70,2.8,236,18
66.60,3.0,234,18
67.50,0.0,0,18
68.40,0.0,0,18
69.30,2.8,229,18
70.20,3.5,227,18
71.10,3.0,225,18
72.00,0.0,0,18
72.90,0.0,0,18
73.80,0.0,0,18
74.70,0.0,0,18
75.60,0.0,0,18
76.50,0.0,0,18
77.40,0.0,0,18
78.30,3.8,214,18
79.20,4.0,212,18
80.10,3.8,212,18
81.00,0.0,0,18
81.90,3.5,210,18
82.80,3.2,210,18
83.70,0.0,0,18
84.60,0.0,0,18
85.50,0.0,0,18
86.40,0.0,0,18
87.30,0.0,0,18
88.20,0.0,0,18
89.10,3.8,204,18
90.00,0.0,0,18
90.90,4.0,203,18
91.80,4.0,203,18
92.70,0.0,0,18
93.60,0.0,0,18
94.50,0.0,0,18
95.40,0.0,0,18
96.30,0.0,0,18
97.20,4.0,202,18
98.10,0.0,0,18
99.00,0.0,0,18
99.90,3.0,204,18
100.80,0.0,0,18
101.70,4.2,202,18
102.60,0.0,0,18
103.50,0.0,0,18
104.40,4.5,204,18
105.30,0.0,0,18
106.20,0.0,0,18
107.10,0.0,0,18
108.00,2.5,206,18
108.90,0.0,0,18
109.80,0.0,0,18
110.70,0.0,0,18
111.60,3.8,209,18
112.50,0.0,0,18
113.40,0.0,0,18
114.30,0.0,0,18
115.20,3.8,212,18
116.10,4.2,213,18
117.00,3.8,214,18
117.90,0.0,0,18
118.80,0.0,0,18
119.70,0.0,0,18
120.60,0.0,0,18
121.50,0.0,0,18
122.40,3.5,222,18
123.30,0.0,0,18
124.20,0.0,0,18
125.10,0.0,0,18
126.00,0.0,0,18
126.90,0.0,0,18
127.80,0.0,0,18
128.70,3.0,236,18
129.60,3.0,238,18
130.50,2.8,239,18
131.40,0.0,0,18
132.30,0.0,0,18
133.20,0.0,0,18
134.10,0.0,0,18
135.00,0.0,0,18
135.90,0.0,0,18
136.80,66.8,3,18
137.70,66.8,6,18
138.60,66.5,9,18
139.50,0.0,0,18
140.40,0.0,0,18
141.30,0.0,0,18
142.20,0.0,0,18
143.10,17.5,177,18
144.00,21.0,173,18
144.90,18.2,175,18
145.80,0.0,0,18
146.70,0.0,0,18
147.60,0.0,0,18
148.50,0.0,0,18
149.40,0.0,0,18
150.30,5.0,155,18
151.20,0.0,0,18
152.10,0.0,0,18
153.00,0.0,0,18
153.90,0.0,0,18
154.80,0.0,0,18
155.70,0.0,0,18
156.60,0.0,0,18
157.50,0.0,0,18
158.40,0.0,0,18
159.30,0.0,0,18
160.20,0.0,0,18
161.10,0.0,0,18
162.00,0.0,0,18
162.90,0.0,0,18
163.80,0.0,0,18
164.70,0.0,0,18
165.60,0.0,0,18
166.50,0.0,0,18
167.40,28.0,97,18
168.30,0.0,0,18
169.20,0.0,0,18
170.10,0.0,0,18
171.00,0.0,0,18
171.90,0.0,0,18
172.80,0.0,0,18
173.70,0.0,0,18
174.60,0.0,0,18
175.50,0.0,0,18
176.40,65.2,51,18
177.30,0.0,0,18
178.20,0.0,0,18
179.10,0.0,0,18
180.00,0.0,0,18
180.90,0.0,0,18
181.80,0.0,0,18
182.70,0.0,0,18
183.60,0.0,0,18
184.50,0.0,0,18
185.40,0.0,0,18
186.30,0.0,0,18
187.20,0.0,0,18
188.10,0.0,0,18
189.00,0.0,0,18
189.90,0.0,0,18
190.80,0.0,0,18
191.70,0.0,0,18
192.60,0.0,0,18
193.50,0.0,0,18
194.40,0.0,0,18
195.30,0.0,0,18
196.20,0.0,0,18
197.10,0.0,0,18
198.00,0.0,0,18
198.90,0.0,0,18
199.80,0.0,0,18
200.70,0.0,0,18
201.60,0.0,0,18
202.50,0.0,0,18
203.40,0.0,0,18
204.30,0.0,0,18
205.20,0.0,0,18
206.10,0.0,0,18
207.00,0.0,0,18
207.90,0.0,0,18
208.80,0.0,0,18
209.70,0.0,0,18
210.60,0.0,0,18
211.50,0.0,0,18
212.40,0.0,0,18
213.30,0.0,0,18
214.20,0.0,0,18
215.10,0.0,0,18
216.00,0.0,0,18
216.90,0.0,0,18
217.80,0.0,0,18
218.70,0.0,0,18
219.60,0.0,0,18
220.50,0.0,0,18
221.40,0.0,0,18
222.30,135.2,3,18
223.20,135.2,5,18
224.10,135.0,7,18
225.00,135.2,10,18
225.90,135.2,12,18
226.80,135.0,16,18
227.70,134.8,19,18
228.60,135.0,22,18
229.50,134.5,26,18
230.40,135.0,29,18
231.30,134.2,34,18
232.20,134.8,37,18
233.10,134.2,41,18
234.00,134.5,47,18
234.90,134.5,50,18
235.80,134.2,56,18
236.70,133.5,60,18
237.60,134.2,65,18
238.50,134.0,72,18
239.40,134.0,78,18
240.30,0.0,0,18
241.20,133.2,92,18
242.10,70.0,249,18
243.00,68.8,240,18
243.90,70.5,242,18
244.80,70.5,244,18
245.70,69.5,247,18
246.60,132.5,0,18
247.50,128.5,62,18
248.40,0.0,0,18
249.30,129.0,66,18
250.20,128.8,64,18
251.10,0.0,0,18
252.00,0.0,0,18
252.90,128.5,65,18
253.80,0.0,0,18
254.70,0.0,0,18
255.60,0.0,0,18
256.50,0.0,0,18
257.40,0.0,0,18
258.30,0.0,0,18
259.20,0.0,0,18
260.10,128.8,77,18
261.00,0.0,0,18
261.90,0.0,0,18
262.80,0.0,0,18
263.70,0.0,0,18
264.60,0.0,0,18
265.50,0.0,0,18
266.40,0.0,0,18
267.30,0.0,0,18
268.20,0.0,0,18
269.10,0.0,0,18
270.00,0.0,0,18
270.90,0.0,0,18
271.80,0.0,0,18
272.70,0.0,0,18
273.60,0.0,0,18
274.50,0.0,0,18
275.40,0.0,0,18
276.30,0.0,0,18
277.20,0.0,0,18
278.10,0.0,0,18
279.00,0.0,0,18
279.90,0.0,0,18
280.80,0.0,0,18
281.70,0.0,0,18
282.60,0.0,0,18
283.50,0.0,0,18
284.40,0.0,0,18
285.30,0.0,0,18
286.20,0.0,0,18
287.10,0.0,0,18
288.00,0.0,0,18
288.90,196.2,17,18
289.80,196.5,16,18
290.70,196.0,13,18
291.60,196.0,14,18
292.50,196.2,12,18
293.40,193.5,18,18
294.30,0.0,0,18
295.20,0.0,0,18
296.10,0.0,0,18
297.00,0.0,0,18
297.90,0.0,0,18
298.80,0.0,0,18
299.70,0.0,0,18
300.60,0.0,0,18
301.50,0.0,0,18
302.40,0.0,0,18
303.30,704.5,232,18
304.20,704.5,201,18
305.10,704.5,181,18
306.00,704.5,163,18
306.90,704.5,147,18
307.80,704.5,139,18
308.70,704.5,117,18
309.60,704.8,91,18
310.50,704.5,68,18
311.40,704.5,52,18
312.30,704.5,44,18
313.20,704.8,26,18
314.10,704.8,19,18
315.00,896.5,46,18
315.90,896.2,68,18
316.80,896.5,97,18
317.70,896.5,118,18
318.60,896.5,149,18
319.50,896.2,174,18
320.40,896.5,191,18
321.30,896.5,204,18
322.20,896.2,221,18
323.10,896.0,141,18
324.00,960.2,10,18
324.90,896.2,187,18
325.80,960.2,62,18
326.70,960.2,20,18
327.60,960.2,145,18
328.50,960.0,131,18
329.40,960.0,136,18
330.30,960.2,215,18
331.20,960.0,219,18
332.10,1024.0,44,18
333.00,1024.2,77,18
333.90,1024.0,130,18
334.80,1024.2,101,18
335.70,1024.0,181,18
336.60,1024.0,229,18
337.50,1088.2,26,18
338.40,1088.0,105,18
339.30,1088.0,135,18
340.20,1152.2,72,18
341.10,1152.2,175,18
342.00,1216.2,7,18
342.90,1216.2,76,18
343.80,4.8,222,18
344.70,0.0,0,18
345.60,6.5,217,18
346.50,0.0,0,18
347.40,0.0,0,18
348.30,0.0,0,18
349.20,0.0,0,18
350.10,0.0,0,18
351.00,6.2,204,18
351.90,0.0,0,18
352.80,4.2,205,18
353.70,8.5,149,18
354.60,0.0,0,18
355.50,0.0,0,18
356.40,0.0,0,18
357.30,0.0,0,18
358.20,0.0,0,18
359.10,0.0,0,18
0.00,0.0,0,19
0.90,8.8,190,19
1.80,0.0,0,19
2.70,0.0,0,19
3.60,0.0,0,19
4.50,0.0,0,19
5.40,0.0,0,19
6.30,0.0,0,19
7.20,0.0,0,19
8.10,0.0,0,19
9.00,0.0,0,19
9.90,15.8,129,19
10.80,0.0,0,19
11.70,18.8,127,19
12.60,0.0,0,19
13.50,0.0,0,19
14.40,0.0,0,19
15.30,16.5,128,19
16.20,14.5,129,19
17.10,0.0,0,19
18.00,0.0,0,19
18.90,0.0,0,19
19.80,0.0,0,19
20.70,0.0,0,19
21.60,0.0,0,19
22.50,0.0,0,19
23.40,0.0,0,19
24.30,0.0,0,19
25.20,0.0,0,19
26.10,0.0,0,19
27.00,0.0,0,19
27.90,0.0,0,19
28.80,0.0,0,19
29.70,0.0,0,19
30.60,0.0,0,19
31.50,0.0,0,19
32.40,0.0,0,19
33.30,0.0,0,19
34.20,0.0,0,19
35.10,0.0,0,19
36.00,0.0,0,19
36.90,0.0,0,19
37.80,0.0,0,19
38.70,0.0,0,19
39.60,0.0,0,19
40.50,0.0,0,19
41.40,0.0,0,19
42.30,0.0,0,19
43.20,67.5,25,19
44.10,0.0,0,19
45.00,67.2,24,19
45.90,68.5,25,19
46.80,67.8,27,19
47.70,67.5,26,19
48.60,67.5,29,19
49.50,0.0,0,19
50.40,0.0,0,19
51.30,0.0,0,19
52.20,0.0,0,19
53.10,0.0,0,19
54.00,0.0,0,19
54.90,0.0,0,19
55.80,0.0,0,19
56.70,69.5,42,19
57.60,69.0,43,19
58.50,0.0,0,19
59.40,0.0,0,19
60.30,68.0,47,19
61.20,0.0,0,19
62.10,0.0,0,19
63.00,2.8,236,19
63.90,3.0,235,19
64.80,3.0,233,19
65.70,0.0,0,19
66.60,0.0,0,19
67.50,2.8,228,19
68.40,3.8,226,19
69.30,0.0,0,19
70.20,0.0,0,19
71.10,0.0,0,19
72.00,0.0,0,19
72.90,3.5,218,19
73.80,3.5,216,19
74.70,3.5,215,19
75.60,0.0,0,19
76.50,0.0,0,19
77.40,0.0,0,19
78.30,0.0,0,19
79.20,0.0,0,19
80.10,0.0,0,19
81.00,0.0,0,19
81.90,3.8,207,19
82.80,4.0,206,19
83.70,0.0,0,19
84.60,0.0,0,19
85.50,4.0,204,19
86.40,0.0,0,19
87.30,4.2,204,19
88.20,4.0,204,19
89.10,0.0,0,19
90.00,4.5,203,19
90.90,0.0,0,19
91.80,0.0,0,19
92.70,0.0,0,19
93.60,4.0,202,19
94.50,0.0,0,19
95.40,0.0,0,19
96.30,0.0,0,19
97.20,0.0,0,19
98.10,0.0,0,19
99.00,3.5,202,19
99.90,0.0,0,19
100.80,0.0,0,19
101.70,0.0,0,19
102.60,0.0,0,19
103.50,4.0,205,19
104.40,0.0,0,19
105.30,0.0,0,19
106.20,0.0,0,19
107.10,0.0,0,19
108.00,0.0,0,19
108.90,4.2,208,19
109.80,3.8,209,19
110.70,0.0,0,19
111.60,0.0,0,19
112.50,4.2,212,19
113.40,0.0,0,19
114.30,0.0,0,19
115.20,4.0,215,19
116.10,0.0,0,19
117.00,0.0,0,19
117.90,0.0,0,19
118.80,3.5,220,19
119.70,0.0,0,19
120.60,0.0,0,19
121.50,0.0,0,19
122.40,3.2,226,19
123.30,0.0,0,19
124.20,0.0,0,19
125.10,0.0,0,19
126.00,0.0,0,19
126.90,0.0,0,19
127.80,0.0,0,19
128.70,0.0,0,19
129.60,3.2,244,19
130.50,0.0,0,19
131.40,0.0,0,19
132.30,2.8,251,19
133.20,0.0,0,19
134.10,0.0,0,19
135.00,0.0,0,19
135.90,66.5,7,19
136.80,0.0,0,19
137.70,0.0,0,19
138.60,66.2,17,19
139.50,65.8,23,19
140.40,15.2,178,19
141.30,19.0,175,19
142.20,20.8,173,19
143.10,0.0,0,19
144.00,0.0,0,19
144.90,0.0,0,19
145.80,0.0,0,19
146.70,0.0,0,19
147.60,0.0,0,19
148.50,0.0,0,19
149.40,0.0,0,19
150.30,0.0,0,19
151.20,0.0,0,19
152.10,0.0,0,19
153.00,0.0,0,19
153.90,0.0,0,19
154.80,0.0,0,19
155.70,0.0,0,19
156.60,0.0,0,19
157.50,0.0,0,19
158.40,0.0,0,19
159.30,0.0,0,19
160.20,0.0,0,19
161.10,0.0,0,19
162.00,0.0,0,19
162.90,0.0,0,19
163.80,0.0,0,19
164.70,30.2,96,19
165.60,0.0,0,19
166.50,0.0,0,19
167.40,0.0,0,19
168.30,0.0,0,19
169.20,0.0,0,19
170.10,0.0,0,19
171.00,0.0,0,19
171.90,0.0,0,19
172.80,0.0,0,19
173.70,0.0,0,19
174.60,0.0,0,19
175.50,0.0,0,19
176.40,0.0,0,19
177.30,0.0,0,19
178.20,0.0,0,19
179.10,0.0,0,19
180.00,0.0,0,19
180.90,0.0,0,19
181.80,0.0,0,19
182.70,0.0,0,19
183.60,0.0,0,19
184.50,0.0,0,19
185.40,0.0,0,19
186.30,0.0,0,19
187.20,0.0,0,19
188.10,0.0,0,19
189.00,0.0,0,19
189.90,0.0,0,19
190.80,0.0,0,19
191.70,0.0,0,19
192.60,0.0,0,19
193.50,0.0,0,19
194.40,0.0,0,19
195.30,0.0,0,19
196.20,0.0,0,19
197.10,0.0,0,19
198.00,0.0,0,19
198.90,0.0,0,19
199.80,0.0,0,19
200.70,0.0,0,19
201.60,0.0,0,19
202.50,0.0,0,19
203.40,0.0,0,19
204.30,0.0,0,19
205.20,0.0,0,19
206.10,0.0,0,19
207.00,0.0,0,19
207.90,0.0,0,19
208.80,0.0,0,19
209.70,0.0,0,19
210.60,0.0,0,19
211.50,0.0,0,19
212.40,0.0,0,19
213.30,0.0,0,19
214.20,0.0,0,19
215.10,0.0,0,19
216.00,0.0,0,19
216.90,0.0,0,19
217.80,0.0,0,19
218.70,0.0,0,19
219.60,135.2,2,19
220.50,135.2,4,19
221.40,135.5,7,19
222.30,135.2,10,19
223.20,135.0,12,19
224.10,135.0,16,19
225.00,134.8,18,19
225.90,134.8,21,19
226.80,134.8,25,19
227.70,134.8,29,19
228.60,134.5,33,19
229.50,134.5,37,19
230.40,134.2,41,19
231.30,134.2,45,19
232.20,134.2,49,19
233.10,134.2,54,19
234.00,133.5,60,19
234.90,134.0,65,19
235.80,134.0,71,19
236.70,134.0,76,19
237.60,68.5,159,19
238.50,133.8,89,19
239.40,69.8,250,19
240.30,0.0,0,19
241.20,70.2,241,19
242.10,70.8,243,19
243.00,69.2,247,19
243.90,132.5,0,19
244.80,128.5,62,19
245.70,128.5,63,19
246.60,129.0,66,19
247.50,0.0,0,19
248.40,128.5,64,19
249.30,0.0,0,19
250.20,0.0,0,19
251.10,0.0,0,19
252.00,0.0,0,19
252.90,0.0,0,19
253.80,0.0,0,19
254.70,0.0,0,19
255.60,0.0,0,19
256.50,0.0,0,19
257.40,0.0,0,19
258.30,0.0,0,19
259.20,0.0,0,19
260.10,0.0,0,19
261.00,0.0,0,19
261.90,0.0,0,19
262.80,0.0,0,19
263.70,0.0,0,19
264.60,0.0,0,19
265.50,0.0,0,19
266.40,0.0,0,19
267.30,0.0,0,19
268.20,0.0,0,19
269.10,0.0,0,19
270.00,0.0,0,19
270.90,0.0,0,19
271.80,0.0,0,19
272.70,0.0,0,19
273.60,0.0,0,19
274.50,0.0,0,19
275.40,0.0,0,19
276.30,0.0,0,19
277.20,0.0,0,19
278.10,0.0,0,19
279.00,0.0,0,19
279.90,0.0,0,19
280.80,0.0,0,19
281.70,0.0,0,19
282.60,0.0,0,19
283.50,0.0,0,19
284.40,0.0,0,19
285.30,196.2,19,19
286.20,196.2,16,19
287.10,196.0,15,19
288.00,196.0,14,19
288.90,196.2,12,19
289.80,196.0,13,19
290.70,192.2,22,19
291.60,0.0,0,19
292.50,0.0,0,19
293.40,0.0,0,19
294.30,0.0,0,19
295.20,0.0,0,19
296.10,0.0,0,19
297.00,0.0,0,19
297.90,0.0,0,19
298.80,0.0,0,19
299.70,704.5,243,19
300.60,704.5,209,19
301.50,704.5,179,19
302.40,704.5,168,19
303.30,704.5,153,19
304.20,704.5,139,19
305.10,704.5,121,19
306.00,704.8,89,19
306.90,704.5,70,19
307.80,704.5,52,19
308.70,704.5,44,19
309.60,704.8,28,19
310.50,704.8,19,19
311.40,896.5,47,19
312.30,896.2,65,19
313.20,896.5,98,19
314.10,896.5,122,19
315.00,896.2,155,19
315.90,896.2,177,19
316.80,896.5,191,19
317.70,896.5,205,19
318.60,896.2,210,19
319.50,896.0,155,19
320.40,960.0,15,19
321.30,896.2,192,19
322.20,960.0,63,19
323.10,960.5,21,19
324.00,960.2,142,19
324.90,960.0,118,19
325.80,960.0,145,19
326.70,960.2,233,19
327.60,960.2,212,19
328.50,1024.0,58,19
329.40,1024.0,85,19
330.30,1024.0,79,19
331.20,1024.0,131,19
332.10,1024.0,175,19
333.00,1088.0,3,19
333.90,1088.0,28,19
334.80,1088.0,90,19
335.70,1152.2,36,19
336.60,1152.2,113,19
337.50,1152.2,222,19
338.40,1216.2,39,19
339.30,1216.2,129,19
340.20,5.8,221,19
341.10,0.0,0,19
342.00,0.0,0,19
342.90,0.0,0,19
343.80,2.5,219,19
344.70,0.0,0,19
345.60,0.0,0,19
346.50,0.0,0,19
347.40,0.0,0,19
348.30,0.0,0,19
349.20,0.0,0,19
350.10,0.0,0,19
351.00,0.0,0,19
351.90,6.8,151,19
352.80,3.8,152,19
353.70,0.0,0,19
354.60,0.0,0,19
355.50,0.0,0,19
356.40,0.0,0,19
357.30,9.2,189,19
358.20,0.0,0,19
359.10,0.0,0,19
0.00,0.0,0,20
0.92,9.0,186,20
1.84,0.0,0,20
2.76,11.5,141,20
3.67,0.0,0,20
4.59,0.0,0,20
5.51,0.0,0,20
6.43,0.0,0,20
7.35,0.0,0,20
8.27,0.0,0,20
9.18,0.0,0,20
10.10,0.0,0,20
11.02,0.0,0,20
11.94,0.0,0,20
12.86,0.0,0,20
13.78,0.0,0,20
14.69,0.0,0,20
15.61,0.0,0,20
16.53,0.0,0,20
17.45,0.0,0,20
18.37,0.0,0,20
19.29,0.0,0,20
20.20,20.8,118,20
21.12,0.0,0,20
22.04,0.0,0,20
22.96,16.8,118,20
23.88,0.0,0,20
24.80,0.0,0,20
25.71,8.0,121,20
26.63,0.0,0,20
27.55,0.0,0,20
28.47,0.0,0,20
29.39,0.0,0,20
30.31,0.0,0,20
31.22,0.0,0,20
32.14,0.0,0,20
33.06,0.0,0,20
33.98,0.0,0,20
34.90,0.0,0,20
35.82,0.0,0,20
36.73,0.0,0,20
37.65,0.0,0,20
38.57,0.0,0,20
39.49,0.0,0,20
40.41,68.5,24,20
41.33,68.0,24,20
42.24,0.0,0,20
43.16,0.0,0,20
44.08,68.2,26,20
45.00,68.2,28,20
45.92,0.0,0,20
46.84,66.5,31,20
47.76,66.2,31,20
48.67,66.8,33,20
49.59,0.0,0,20
50.51,0.0,0,20
51.43,0.0,0,20
52.35,0.0,0,20
53.27,0.0,0,20
54.18,67.2,43,20
55.10,68.2,43,20
56.02,68.0,45,20
56.94,0.0,0,20
57.86,0.0,0,20
58.78,0.0,0,20
59.69,0.0,0,20
60.61,0.0,0,20
61.53,0.0,0,20
62.45,3.5,233,20
63.37,0.0,0,20
64.29,0.0,0,20
65.20,2.8,227,20
66.12,3.0,226,20
67.04,0.0,0,20
67.96,3.2,222,20
68.88,0.0,0,20
69.80,0.0,0,20
70.71,0.0,0,20
71.63,3.5,216,20
72.55,0.0,0,20
73.47,0.0,0,20
74.39,0.0,0,20
75.31,0.0,0,20
76.22,4.0,211,20
77.14,0.0,0,20
78.06,0.0,0,20
78.98,0.0,0,20
79.90,3.8,207,20
80.82,0.0,0,20
81.73,0.0,0,20
82.65,0.0,0,20
83.57,4.0,205,20
84.49,0.0,0,20
85.41,0.0,0,20
86.33,0.0,0,20
87.24,4.0,204,20
88.16,3.8,203,20
89.08,0.0,0,20
90.00,0.0,0,20
90.92,0.0,0,20
91.84,0.0,0,20
92.76,0.0,0,20
93.67,0.0,0,20
94.59,0.0,0,20
95.51,0.0,0,20
96.43,0.0,0,20
97.35,4.2,203,20
98.27,0.0,0,20
99.18,0.0,0,20
100.10,0.0,0,20
101.02,4.0,204,20
101.94,0.0,0,20
102.86,0.0,0,20
103.78,3.2,206,20
104.69,0.0,0,20
105.61,0.0,0,20
106.53,0.0,0,20
107.45,4.5,208,20
108.37,0.0,0,20
109.29,4.0,211,20
110.20,0.0,0,20
111.12,0.0,0,20
112.04,0.0,0,20
112.96,3.8,214,20
113.88,4.0,216,20
114.80,3.8,217,20
115.71,0.0,0,20
116.63,3.8,220,20
117.55,3.5,221,20
118.47,3.2,222,20
119.39,0.0,0,20
120.31,0.0,0,20
121.22,3.0,227,20
122.14,3.2,229,20
123.06,0.0,0,20
123.98,0.0,0,20
124.90,0.0,0,20
125.82,0.0,0,20
126.73,0.0,0,20
127.65,3.0,242,20
128.57,0.0,0,20
129.49,0.0,0,20
130.41,0.0,0,20
131.33,0.0,0,20
132.24,2.2,255,20
133.16,0.0,0,20
134.08,0.0,0,20
135.00,0.0,0,20
135.92,0.0,0,20
136.84,0.0,0,20
137.76,66.5,17,20
138.67,0.0,0,20
139.59,17.8,178,20
140.51,20.8,175,20
141.43,20.8,173,20
142.35,0.0,0,20
143.27,0.0,0,20
144.18,0.0,0,20
145.10,0.0,0,20
146.02,0.0,0,20
146.94,0.0,0,20
147.86,0.0,0,20
148.78,0.0,0,20
149.69,0.0,0,20
150.61,0.0,0,20
151.53,0.0,0,20
152.45,0.0,0,20
153.37,0.0,0,20
154.29,0.0,0,20
155.20,0.0,0,20
156.12,0.0,0,20
157.04,0.0,0,20
157.96,0.0,0,20
158.88,0.0,0,20
159.80,0.0,0,20
160.71,0.0,0,20
161.63,0.0,0,20
162.55,0.0,0,20
163.47,0.0,0,20
164.39,0.0,0,20
165.31,24.2,97,20
166.22,0.0,0,20
167.14,0.0,0,20
168.06,0.0,0,20
168.98,0.0,0,20
169.90,0.0,0,20
170.82,0.0,0,20
171.73,0.0,0,20
172.65,0.0,0,20
173.57,0.0,0,20
174.49,0.0,0,20
175.41,0.0,0,20
176.33,0.0,0,20
177.24,0.0,0,20
178.16,0.0,0,20
179.08,0.0,0,20
180.00,0.0,0,20
180.92,0.0,0,20
181.84,0.0,0,20
182.76,0.0,0,20
183.67,0.0,0,20
184.59,0.0,0,20
185.51,0.0,0,20
186.43,0.0,0,20
187.35,0.0,0,20
188.27,0.0,0,20
189.18,0.0,0,20
190.10,0.0,0,20
191.02,0.0,0,20
191.94,0.0,0,20
192.86,0.0,0,20
193.78,0.0,0,20
194.69,0.0,0,20
195.61,0.0,0,20
196.53,0.0,0,20
197.45,0.0,0,20
198.37,0.0,0,20
199.29,0.0,0,20
200.20,0.0,0,20
201.12,0.0,0,20
202.04,0.0,0,20
202.96,0.0,0,20
203.88,0.0,0,20
204.80,0.0,0,20
205.71,0.0,0,20
206.63,0.0,0,20
207.55,0.0,0,20
208.47,0.0,0,20
209.39,0.0,0,20
210.31,0.0,0,20
211.22,0.0,0,20
212.14,0.0,0,20
213.06,0.0,0,20
213.98,0.0,0,20
214.90,0.0,0,20
215.82,0.0,0,20
216.73,0.0,0,20
217.65,0.0,0,20
218.57,0.0,0,20
219.49,0.0,0,20
220.41,0.0,0,20
221.33,135.2,2,20
222.24,135.2,5,20
223.16,135.2,7,20
224.08,135.0,10,20
225.00,134.8,12,20
225.92,135.0,16,20
226.84,134.8,18,20
227.76,135.0,21,20
228.67,134.8,24,20
229.59,134.8,29,20
230.51,134.2,32,20
231.43,134.5,36,20
232.35,134.2,41,20
233.27,134.2,45,20
234.18,134.2,49,20
235.10,134.2,54,20
236.02,133.8,60,20
236.94,134.2,64,20
237.86,133.8,70,20
238.78,133.8,74,20
239.69,133.0,84,20
240.61,133.8,86,20
241.53,69.2,253,20
242.45,0.0,0,20
243.37,0.0,0,20
244.29,71.2,243,20
245.20,70.2,245,20
246.12,69.8,251,20
247.04,0.0,0,20
247.96,128.8,65,20
248.88,129.5,62,20
249.80,128.8,65,20
250.71,128.8,64,20
251.63,128.5,66,20
252.55,128.2,66,20
253.47,0.0,0,20
254.39,0.0,0,20
255.31,0.0,0,20
256.22,0.0,0,20
257.14,0.0,0,20
258.06,0.0,0,20
258.98,0.0,0,20
259.90,129.2,74,20
260.82,0.0,0,20
261.73,0.0,0,20
262.65,0.0,0,20
263.57,0.0,0,20
264.49,0.0,0,20
265.41,0.0,0,20
266.33,0.0,0,20
267.24,0.0,0,20
268.16,0.0,0,20
269.08,0.0,0,20
270.00,0.0,0,20
270.92,0.0,0,20
271.84,0.0,0,20
272.76,0.0,0,20
273.67,0.0,0,20
274.59,0.0,0,20
275.51,0.0,0,20
276.43,0.0,0,20
277.35,0.0,0,20
278.27,0.0,0,20
279.18,0.0,0,20
280.10,0.0,0,20
281.02,0.0,0,20
281.94,0.0,0,20
282.86,0.0,0,20
283.78,0.0,0,20
284.69,0.0,0,20
285.61,0.0,0,20
286.53,0.0,0,20
287.45,0.0,0,20
288.37,0.0,0,20
289.29,196.2,18,20
290.20,196.5,18,20
291.12,196.0,15,20
292.04,196.2,13,20
292.96,196.2,12,20
293.88,196.2,12,20
294.80,0.0,0,20
295.71,0.0,0,20
296.63,0.0,0,20
297.55,0.0,0,20
298.47,0.0,0,20
299.39,0.0,0,20
300.31,0.0,0,20
301.22,0.0,0,20
302.14,0.0,0,20
303.06,0.0,0,20
303.98,0.0,0,20
304.90,704.5,228,20
305.82,704.5,200,20
306.73,704.5,178,20
307.65,704.5,162,20
308.57,704.5,148,20
309.49,704.5,129,20
310.41,704.5,109,20
311.33,704.5,76,20
312.24,704.5,65,20
313.16,704.5,52,20
314.08,704.5,38,20
315.00,704.0,74,20
315.92,704.2,57,20
316.84,896.2,67,20
317.76,896.5,84,20
318.67,896.5,113,20
319.59,896.5,139,20
320.51,896.5,161,20
321.43,896.5,189,20
322.35,896.5,203,20
323.27,896.5,219,20
324.18,896.0,142,20
325.10,896.0,197,20
326.02,896.0,234,20
326.94,896.0,212,20
327.86,960.0,68,20
328.78,960.0,35,20
329.69,960.0,158,20
330.61,960.2,114,20
331.53,0.0,0,20
332.45,960.2,233,20
333.37,960.2,225,20
334.29,1024.2,63,20
335.20,1024.0,83,20
336.12,1024.0,71,20
337.04,1024.0,214,20
337.96,1024.2,183,20
338.88,1088.0,12,20
339.80,1088.0,33,20
340.71,1088.0,120,20
341.63,1152.2,40,20
342.55,1152.2,136,20
343.47,1152.2,220,20
344.39,1216.2,46,20
345.31,1216.2,113,20
346.22,0.0,0,20
347.14,5.5,219,20
348.06,0.0,0,20
348.98,9.8,219,20
349.90,0.0,0,20
350.82,0.0,0,20
351.73,0.0,0,20
352.65,0.0,0,20
353.57,0.0,0,20
354.49,0.0,0,20
355.41,5.8,149,20
356.33,9.5,149,20
357.24,0.0,0,20
358.16,7.2,151,20
359.08,0.0,0,20
0.00,0.0,0,21
0.90,0.0,0,21
1.80,0.0,0,21
2.70,0.0,0,21
3.60,0.0,0,21
4.50,0.0,0,21
5.40,0.0,0,21
6.30,6.5,186,21
7.20,0.0,0,21
8.10,0.0,0,21
9.00,12.0,141,21
9.90,0.0,0,21
10.80,0.0,0,21
11.70,0.0,0,21
12.60,16.0,129,21
13.50,0.0,0,21
14.40,0.0,0,21
15.30,0.0,0,21
16.20,0.0,0,21
17.10,17.8,128,21
18.00,0.0,0,21
18.90,0.0,0,21
19.80,0.0,0,21
20.70,0.0,0,21
21.60,0.0,0,21
22.50,0.0,0,21
23.40,0.0,0,21
24.30,0.0,0,21
25.20,0.0,0,21
26.10,0.0,0,21
27.00,0.0,0,21
27.90,0.0,0,21
28.80,0.0,0,21
29.70,0.0,0,21
30.60,0.0,0,21
31.50,0.0,0,21
32.40,0.0,0,21
33.30,0.0,0,21
34.20,0.0,0,21
35.10,0.0,0,21
36.00,0.0,0,21
36.90,0.0,0,21
37.80,0.0,0,21
38.70,0.0,0,21
39.60,0.0,0,21
40.50,0.0,0,21
41.40,0.0,0,21
42.30,0.0,0,21
43.20,0.0,0,21
44.10,0.0,0,21
45.00,0.0,0,21
45.90,0.0,0,21
46.80,68.0,25,21
47.70,0.0,0,21
48.60,68.0,26,21
49.50,0.0,0,21
50.40,0.0,0,21
51.30,0.0,0,21
52.20,0.0,0,21
53.10,67.0,32,21
54.00,0.0,0,21
54.90,0.0,0,21
55.80,0.0,0,21
56.70,67.8,39,21
57.60,67.0,40,21
58.50,0.0,0,21
59.40,68.0,42,21
60.30,0.0,0,21
61.20,0.0,0,21
62.10,0.0,0,21
63.00,67.2,48,21
63.90,0.0,0,21
64.80,3.0,237,21
65.70,0.0,0,21
66.60,0.0,0,21
67.50,0.0,0,21
68.40,0.0,0,21
69.30,3.2,228,21
70.20,0.0,0,21
71.10,0.0,0,21
72.00,3.0,223,21
72.90,0.0,0,21
73.80,0.0,0,21
74.70,0.0,0,21
75.60,0.0,0,21
76.50,0.0,0,21
77.40,0.0,0,21
78.30,0.0,0,21
79.20,3.8,213,21
80.10,4.2,211,21
81.00,3.8,211,21
81.90,3.2,211,21
82.80,0.0,0,21
83.70,0.0,0,21
84.60,4.2,207,21
85.50,0.0,0,21
86.40,0.0,0,21
87.30,0.0,0,21
88.20,4.0,205,21
89.10,0.0,0,21
90.00,0.0,0,21
90.90,0.0,0,21
91.80,0.0,0,21
92.70,4.0,203,21
93.60,0.0,0,21
94.50,0.0,0,21
95.40,0.0,0,21
96.30,0.0,0,21
97.20,0.0,0,21
98.10,0.0,0,21
99.00,0.0,0,21
99.90,0.0,0,21
100.80,0.0,0,21
101.70,4.2,202,21
102.60,0.0,0,21
103.50,0.0,0,21
104.40,4.2,204,21
105.30,0.0,0,21
106.20,0.0,0,21
107.10,3.5,204,21
108.00,0.0,0,21
108.90,0.0,0,21
109.80,0.0,0,21
110.70,3.8,208,21
111.60,4.2,208,21
112.50,0.0,0,21
113.40,4.0,211,21
114.30,3.5,212,21
115.20,0.0,0,21
116.10,0.0,0,21
117.00,0.0,0,21
117.90,4.0,216,21
118.80,0.0,0,21
119.70,0.0,0,21
120.60,0.0,0,21
121.50,0.0,0,21
122.40,0.0,0,21
123.30,0.0,0,21
124.20,0.0,0,21
125.10,3.0,227,21
126.00,0.0,0,21
126.90,0.0,0,21
127.80,0.0,0,21
128.70,0.0,0,21
129.60,0.0,0,21
130.50,0.0,0,21
131.40,3.0,241,21
132.30,0.0,0,21
133.20,0.0,0,21
134.10,3.0,250,21
135.00,0.0,0,21
135.90,0.0,0,21
136.80,0.0,0,21
137.70,0.0,0,21
138.60,0.0,0,21
139.50,66.5,11,21
140.40,0.0,0,21
141.30,66.0,19,21
142.20,0.0,0,21
143.10,15.0,177,21
144.00,19.2,174,21
144.90,18.8,174,21
145.80,0.0,0,21
146.70,0.0,0,21
147.60,0.0,0,21
148.50,0.0,0,21
149.40,0.0,0,21
150.30,5.0,156,21
151.20,0.0,0,21
152.10,0.0,0,21
153.00,0.0,0,21
153.90,0.0,0,21
154.80,0.0,0,21
155.70,0.0,0,21
156.60,0.0,0,21
157.50,0.0,0,21
158.40,0.0,0,21
159.30,0.0,0,21
160.20,0.0,0,21
161.10,0.0,0,21
162.00,0.0,0,21
162.90,0.0,0,21
163.80,0.0,0,21
164.70,0.0,0,21
165.60,0.0,0,21
166.50,0.0,0,21
167.40,27.2,97,21
168.30,0.0,0,21
169.20,0.0,0,21
170.10,0.0,0,21
171.00,0.0,0,21
171.90,0.0,0,21
172.80,0.0,0,21
173.70,0.0,0,21
174.60,0.0,0,21
175.50,0.0,0,21
176.40,0.0,0,21
177.30,0.0,0,21
178.20,0.0,0,21
179.10,0.0,0,21
180.00,0.0,0,21
180.90,0.0,0,21
181.80,0.0,0,21
182.70,0.0,0,21
183.60,0.0,0,21
184.50,0.0,0,21
185.40,0.0,0,21
186.30,0.0,0,21
187.20,0.0,0,21
188.10,0.0,0,21
189.00,0.0,0,21
189.90,0.0,0,21
190.80,0.0,0,21
191.70,0.0,0,21
192.60,0.0,0,21
193.50,0.0,0,21
194.40,0.0,0,21
195.30,0.0,0,21
196.20,0.0,0,21
197.10,0.0,0,21
198.00,0.0,0,21
198.90,0.0,0,21
199.80,0.0,0,21
200.70,0.0,0,21
201.60,0.0,0,21
202.50,0.0,0,21
203.40,0.0,0,21
204.30,0.0,0,21
205.20,0.0,0,21
206.10,0.0,0,21
207.00,0.0,0,21
207.90,0.0,0,21
208.80,0.0,0,21
209.70,0.0,0,21
210.60,0.0,0,21
211.50,0.0,0,21
212.40,0.0,0,21
213.30,0.0,0,21
214.20,0.0,0,21
215.10,0.0,0,21
216.00,0.0,0,21
216.90,0.0,0,21
217.80,0.0,0,21
218.70,0.0,0,21
219.60,0.0,0,21
220.50,0.0,0,21
221.40,67.8,252,21
222.30,135.0,3,21
223.20,135.2,6,21
224.10,135.0,8,21
225.00,135.5,11,21
225.90,135.0,14,21
226.80,135.0,17,21
227.70,135.0,19,21
228.60,135.0,23,21
229.50,134.5,27,21
230.40,134.8,30,21
231.30,134.5,35,21
232.20,134.5,38,21
233.10,134.8,43,21
234.00,134.0,48,21
234.90,134.2,52,21
235.80,134.2,57,21
236.70,134.2,62,21
237.60,134.0,69,21
238.50,134.0,73,21
239.40,134.0,79,21
240.30,0.0,0,21
241.20,0.0,0,21
242.10,69.8,248,21
243.00,69.5,245,21
243.90,71.0,242,21
244.80,70.8,244,21
245.70,70.0,249,21
246.60,129.5,7,21
247.50,128.8,63,21
248.40,129.0,64,21
249.30,128.8,64,21
250.20,128.8,63,21
251.10,0.0,0,21
252.00,128.2,65,21
252.90,128.2,67,21
253.80,0.0,0,21
254.70,0.0,0,21
255.60,0.0,0,21
256.50,0.0,0,21
257.40,0.0,0,21
258.30,0.0,0,21
259.20,129.2,73,21
260.10,0.0,0,21
261.00,0.0,0,21
261.90,0.0,0,21
262.80,0.0,0,21
263.70,0.0,0,21
264.60,0.0,0,21
265.50,0.0,0,21
266.40,0.0,0,21
267.30,0.0,0,21
268.20,0.0,0,21
269.10,0.0,0,21
270.00,0.0,0,21
270.90,0.0,0,21
271.80,0.0,0,21
272.70,0.0,0,21
273.60,0.0,0,21
274.50,0.0,0,21
275.40,0.0,0,21
276.30,0.0,0,21
277.20,0.0,0,21
278.10,0.0,0,21
279.00,0.0,0,21
279.90,0.0,0,21
280.80,0.0,0,21
281.70,0.0,0,21
282.60,0.0,0,21
283.50,0.0,0,21
284.40,0.0,0,21
285.30,0.0,0,21
286.20,0.0,0,21
287.10,0.0,0,21
288.00,196.0,17,21
288.90,196.2,16,21
289.80,196.0,14,21
290.70,196.0,13,21
291.60,196.2,11,21
292.50,195.0,17,21
293.40,192.2,16,21
294.30,0.0,0,21
295.20,0.0,0,21
296.10,0.0,0,21
297.00,0.0,0,21
297.90,0.0,0,21
298.80,0.0,0,21
299.70,0.0,0,21
300.60,0.0,0,21
301.50,0.0,0,21
302.40,704.5,235,21
303.30,704.5,200,21
304.20,704.5,180,21
305.10,704.5,161,21
306.00,704.5,148,21
306.90,704.5,141,21
307.80,704.5,111,21
308.70,704.5,82,21
309.60,704.8,68,21
310.50,704.5,50,21
311.40,704.5,38,21
312.30,704.5,38,21
313.20,704.5,28,21
314.10,896.2,52,21
315.00,896.5,77,21
315.90,896.5,102,21
316.80,896.5,129,21
317.70,896.5,161,21
318.60,896.5,182,21
319.50,896.5,199,21
320.40,896.5,213,21
321.30,896.0,174,21
322.20,896.0,156,21
323.10,896.0,245,21
324.00,896.0,191,21
324.90,960.0,58,21
325.80,960.2,24,21
326.70,960.2,159,21
327.60,960.0,126,21
328.50,960.0,151,21
329.40,960.2,250,21
330.30,960.2,218,21
331.20,1024.0,69,21
332.10,1024.0,89,21
333.00,1024.0,77,21
333.90,1024.0,198,21
334.80,1024.2,181,21
335.70,1024.0,255,21
336.60,1088.0,34,21
337.50,1088.0,114,21
338.40,1152.2,39,21
339.30,1152.2,131,21
340.20,1152.2,226,21
341.10,1216.2,48,21
342.00,1216.2,127,21
342.90,0.0,0,21
343.80,0.0,0,21
344.70,0.0,0,21
345.60,9.0,219,21
346.50,0.0,0,21
347.40,0.0,0,21
348.30,0.0,0,21
349.20,0.0,0,21
350.10,6.8,204,21
351.00,7.8,202,21
351.90,0.0,0,21
352.80,0.0,0,21
353.70,8.5,150,21
354.60,0.0,0,21
355.50,0.0,0,21
356.40,0.0,0,21
357.30,0.0,0,21
358.20,0.0,0,21
359.10,0.0,0,21
0.00,8.8,190,22
0.90,0.0,0,22
1.80,0.0,0,22
2.70,0.0,0,22
3.60,0.0,0,22
4.50,0.0,0,22
5.40,0.0,0,22
6.30,0.0,0,22
7.20,0.0,0,22
8.10,0.0,0,22
9.00,0.0,0,22
9.90,0.0,0,22
10.80,0.0,0,22
11.70,0.0,0,22
12.60,0.0,0,22
13.50,0.0,0,22
14.40,0.0,0,22
15.30,0.0,0,22
16.20,0.0,0,22
17.10,0.0,0,22
18.00,0.0,0,22
18.90,0.0,0,22
19.80,0.0,0,22
20.70,0.0,0,22
21.60,18.5,118,22
22.50,0.0,0,22
23.40,0.0,0,22
24.30,0.0,0,22
25.20,18.2,119,22
26.10,0.0,0,22
27.00,0.0,0,22
27.90,0.0,0,22
28.80,0.0,0,22
29.70,0.0,0,22
30.60,0.0,0,22
31.50,0.0,0,22
32.40,0.0,0,22
33.30,0.0,0,22
34.20,0.0,0,22
35.10,0.0,0,22
36.00,0.0,0,22
36.90,0.0,0,22
37.80,0.0,0,22
38.70,0.0,0,22
39.60,0.0,0,22
40.50,0.0,0,22
41.40,0.0,0,22
42.30,0.0,0,22
43.20,0.0,0,22
44.10,0.0,0,22
45.00,0.0,0,22
45.90,67.8,27,22
46.80,0.0,0,22
47.70,0.0,0,22
48.60,67.2,31,22
49.50,0.0,0,22
50.40,67.5,34,22
51.30,0.0,0,22
52.20,68.0,38,22
53.10,0.0,0,22
54.00,0.0,0,22
54.90,68.2,41,22
55.80,0.0,0,22
56.70,0.0,0,22
57.60,0.0,0,22
58.50,0.0,0,22
59.40,0.0,0,22
60.30,0.0,0,22
61.20,0.0,0,22
62.10,0.0,0,22
63.00,0.0,0,22
63.90,0.0,0,22
64.80,3.0,230,22
65.70,0.0,0,22
66.60,0.0,0,22
67.50,0.0,0,22
68.40,3.5,222,22
69.30,0.0,0,22
70.20,0.0,0,22
71.10,3.0,218,22
72.00,4.0,217,22
72.90,0.0,0,22
73.80,0.0,0,22
74.70,0.0,0,22
75.60,4.0,213,22
76.50,0.0,0,22
77.40,0.0,0,22
78.30,0.0,0,22
79.20,4.5,208,22
80.10,0.0,0,22
81.00,0.0,0,22
81.90,0.0,0,22
82.80,0.0,0,22
83.70,0.0,0,22
84.60,0.0,0,22
85.50,4.0,204,22
86.40,0.0,0,22
87.30,4.0,203,22
88.20,0.0,0,22
89.10,0.0,0,22
90.00,0.0,0,22
90.90,0.0,0,22
91.80,4.2,202,22
92.70,0.0,0,22
93.60,0.0,0,22
94.50,4.0,202,22
95.40,0.0,0,22
96.30,0.0,0,22
97.20,0.0,0,22
98.10,4.5,203,22
99.00,0.0,0,22
99.90,4.0,204,22
100.80,0.0,0,22
101.70,4.0,204,22
102.60,0.0,0,22
103.50,0.0,0,22
104.40,0.0,0,22
105.30,3.5,206,22
106.20,0.0,0,22
107.10,0.0,0,22
108.00,0.0,0,22
108.90,0.0,0,22
109.80,0.0,0,22
110.70,0.0,0,22
111.60,0.0,0,22
112.50,0.0,0,22
113.40,0.0,0,22
114.30,0.0,0,22
115.20,0.0,0,22
116.10,0.0,0,22
117.00,0.0,0,22
117.90,3.2,222,22
118.80,0.0,0,22
119.70,3.0,225,22
120.60,3.5,226,22
121.50,3.2,228,22
122.40,0.0,0,22
123.30,3.2,232,22
124.20,2.8,234,22
125.10,3.2,236,22
126.00,0.0,0,22
126.90,2.8,240,22
127.80,0.0,0,22
128.70,0.0,0,22
129.60,0.0,0,22
130.50,0.0,0,22
131.40,0.0,0,22
132.30,0.0,0,22
133.20,0.0,0,22
134.10,66.5,6,22
135.00,66.5,9,22
135.90,0.0,0,22
136.80,66.5,16,22
137.70,66.2,20,22
138.60,0.0,0,22
139.50,15.2,176,22
140.40,21.8,173,22
141.30,18.0,176,22
142.20,0.0,0,22
143.10,0.0,0,22
144.00,0.0,0,22
144.90,0.0,0,22
145.80,0.0,0,22
146.70,5.0,155,22
147.60,0.0,0,22
148.50,0.0,0,22
149.40,0.0,0,22
150.30,0.0,0,22
151.20,0.0,0,22
152.10,0.0,0,22
153.00,0.0,0,22
153.90,0.0,0,22
154.80,0.0,0,22
155.70,0.0,0,22
156.60,0.0,0,22
157.50,0.0,0,22
158.40,0.0,0,22
159.30,0.0,0,22
160.20,0.0,0,22
161.10,0.0,0,22
162.00,0.0,0,22
162.90,0.0,0,22
163.80,28.5,96,22
164.70,0.0,0,22
165.60,8.2,238,22
166.50,0.0,0,22
167.40,0.0,0,22
168.30,0.0,0,22
169.20,0.0,0,22
170.10,0.0,0,22
171.00,0.0,0,22
171.90,0.0,0,22
172.80,0.0,0,22
173.70,0.0,0,22
174.60,0.0,0,22
175.50,0.0,0,22
176.40,0.0,0,22
177.30,0.0,0,22
178.20,0.0,0,22
179.10,0.0,0,22
180.00,0.0,0,22
180.90,0.0,0,22
181.80,0.0,0,22
182.70,0.0,0,22
183.60,0.0,0,22
184.50,0.0,0,22
185.40,0.0,0,22
186.30,0.0,0,22
187.20,0.0,0,22
188.10,0.0,0,22
189.00,0.0,0,22
189.90,0.0,0,22
190.80,0.0,0,22
191.70,0.0,0,22
192.60,0.0,0,22
193.50,0.0,0,22
194.40,0.0,0,22
195.30,0.0,0,22
196.20,0.0,0,22
197.10,0.0,0,22
198.00,0.0,0,22
198.90,0.0,0,22
199.80,0.0,0,22
200.70,0.0,0,22
201.60,0.0,0,22
202.50,0.0,0,22
203.40,0.0,0,22
204.30,0.0,0,22
205.20,0.0,0,22
206.10,0.0,0,22
207.00,0.0,0,22
207.90,0.0,0,22
208.80,0.0,0,22
209.70,0.0,0,22
210.60,0.0,0,22
211.50,0.0,0,22
212.40,0.0,0,22
213.30,0.0,0,22
214.20,0.0,0,22
215.10,0.0,0,22
216.00,0.0,0,22
216.90,0.0,0,22
217.80,0.0,0,22
218.70,69.5,254,22
219.60,135.0,4,22
220.50,135.2,7,22
221.40,135.0,8,22
222.30,135.2,12,22
223.20,134.8,15,22
224.10,135.0,17,22
225.00,135.0,19,22
225.90,135.0,23,22
226.80,134.5,27,22
227.70,134.8,30,22
228.60,134.5,35,22
229.50,134.5,38,22
230.40,134.8,43,22
231.30,134.0,48,22
232.20,134.2,52,22
233.10,134.0,57,22
234.00,134.2,62,22
234.90,133.8,69,22
235.80,134.0,73,22
236.70,134.0,79,22
237.60,0.0,0,22
238.50,0.0,0,22
239.40,69.8,248,22
240.30,69.5,245,22
241.20,71.0,242,22
242.10,70.5,244,22
243.00,70.0,249,22
243.90,130.0,6,22
244.80,128.8,63,22
245.70,129.0,64,22
246.60,129.0,64,22
247.50,128.8,63,22
248.40,128.8,65,22
249.30,128.2,65,22
250.20,0.0,0,22
251.10,0.0,0,22
252.00,0.0,0,22
252.90,0.0,0,22
253.80,0.0,0,22
254.70,0.0,0,22
255.60,0.0,0,22
256.50,128.8,72,22
257.40,0.0,0,22
258.30,0.0,0,22
259.20,0.0,0,22
260.10,0.0,0,22
261.00,0.0,0,22
261.90,0.0,0,22
262.80,0.0,0,22
263.70,0.0,0,22
264.60,0.0,0,22
265.50,0.0,0,22
266.40,0.0,0,22
267.30,0.0,0,22
268.20,0.0,0,22
269.10,0.0,0,22
270.00,0.0,0,22
270.90,0.0,0,22
271.80,0.0,0,22
272.70,0.0,0,22
273.60,0.0,0,22
274.50,0.0,0,22
275.40,0.0,0,22
276.30,0.0,0,22
277.20,0.0,0,22
278.10,0.0,0,22
279.00,0.0,0,22
279.90,0.0,0,22
280.80,0.0,0,22
281.70,0.0,0,22
282.60,0.0,0,22
283.50,0.0,0,22
284.40,0.0,0,22
285.30,196.0,18,22
286.20,196.5,18,22
287.10,196.0,15,22
288.00,196.2,13,22
288.90,196.2,12,22
289.80,196.2,12,22
290.70,0.0,0,22
291.60,0.0,0,22
292.50,0.0,0,22
293.40,0.0,0,22
294.30,0.0,0,22
295.20,0.0,0,22
296.10,0.0,0,22
297.00,0.0,0,22
297.90,0.0,0,22
298.80,0.0,0,22
299.70,0.0,0,22
300.60,704.5,229,22
301.50,704.5,193,22
302.40,704.5,174,22
303.30,704.5,159,22
304.20,704.5,145,22
305.10,704.5,125,22
306.00,704.5,102,22
306.90,704.5,76,22
307.80,704.5,64,22
308.70,704.5,51,22
309.60,704.8,36,22
310.50,704.0,25,22
311.40,896.0,60,22
312.30,896.2,61,22
313.20,896.5,86,22
314.10,896.5,116,22
315.00,896.5,142,22
315.90,896.5,167,22
316.80,896.5,187,22
317.70,896.5,204,22
318.60,896.5,219,22
319.50,896.2,130,22
320.40,896.0,231,22
321.30,896.0,205,22
322.20,896.0,244,22
323.10,960.0,65,22
324.00,960.0,69,22
324.90,960.0,156,22
325.80,960.2,117,22
326.70,0.0,0,22
327.60,960.0,228,22
328.50,960.2,216,22
329.40,1024.2,74,22
330.30,1024.0,96,22
331.20,1024.0,91,22
332.10,1024.0,230,22
333.00,1024.2,184,22
333.90,1088.0,32,22
334.80,1088.0,56,22
335.70,1088.0,131,22
336.60,1152.2,55,22
337.50,1152.2,145,22
338.40,1152.2,229,22
339.30,1216.2,65,22
340.20,1216.0,110,22
341.10,0.0,0,22
342.00,0.0,0,22
342.90,0.0,0,22
343.80,5.2,220,22
344.70,0.0,0,22
345.60,0.0,0,22
346.50,0.0,0,22
347.40,0.0,0,22
348.30,0.0,0,22
349.20,0.0,0,22
350.10,0.0,0,22
351.00,0.0,0,22
351.90,0.0,0,22
352.80,0.0,0,22
353.70,0.0,0,22
354.60,0.0,0,22
355.50,0.0,0,22
356.40,0.0,0,22
357.30,0.0,0,22
358.20,8.0,191,22
359.10,7.8,189,22
0.00,0.0,0,23
0.92,6.2,185,23
1.84,9.2,187,23
2.76,0.0,0,23
3.67,0.0,0,23
4.59,0.0,0,23
5.51,0.0,0,23
6.43,0.0,0,23
7.35,0.0,0,23
8.27,19.2,127,23
9.18,0.0,0,23
10.10,17.0,127,23
11.02,0.0,0,23
11.94,0.0,0,23
12.86,0.0,0,23
13.78,0.0,0,23
14.69,7.2,133,23
15.61,0.0,0,23
16.53,14.2,120,23
17.45,0.0,0,23
18.37,19.0,119,23
19.29,19.5,118,23
20.20,0.0,0,23
21.12,0.0,0,23
22.04,20.5,118,23
22.96,0.0,0,23
23.88,18.8,119,23
24.80,0.0,0,23
25.71,0.0,0,23
26.63,0.0,0,23
27.55,0.0,0,23
28.47,0.0,0,23
29.39,0.0,0,23
30.31,6.8,127,23
31.22,0.0,0,23
32.14,0.0,0,23
33.06,0.0,0,23
33.98,0.0,0,23
34.90,0.0,0,23
35.82,0.0,0,23
36.73,0.0,0,23
37.65,0.0,0,23
38.57,0.0,0,23
39.49,0.0,0,23
40.41,68.0,26,23
41.33,0.0,0,23
42.24,0.0,0,23
43.16,67.5,26,23
44.08,67.2,27,23
45.00,68.0,27,23
45.92,67.8,28,23
46.84,67.0,30,23
47.76,68.2,31,23
48.67,0.0,0,23
49.59,0.0,0,23
50.51,0.0,0,23
51.43,0.0,0,23
52.35,0.0,0,23
53.27,0.0,0,23
54.18,0.0,0,23
55.10,68.2,43,23
56.02,0.0,0,23
56.94,0.0,0,23
57.86,68.2,47,23
58.78,66.5,49,23
59.69,2.2,238,23
60.61,0.0,0,23
61.53,0.0,0,23
62.45,3.2,233,23
63.37,3.0,232,23
64.29,0.0,0,23
65.20,0.0,0,23
66.12,3.2,226,23
67.04,0.0,0,23
67.96,3.5,222,23
68.88,3.5,221,23
69.80,0.0,0,23
70.71,0.0,0,23
71.63,3.5,217,23
72.55,0.0,0,23
73.47,3.5,215,23
74.39,0.0,0,23
75.31,3.8,212,23
76.22,0.0,0,23
77.14,0.0,0,23
78.06,0.0,0,23
78.98,4.2,208,23
79.90,0.0,0,23
80.82,0.0,0,23
81.73,0.0,0,23
82.65,0.0,0,23
83.57,0.0,0,23
84.49,0.0,0,23
85.41,0.0,0,23
86.33,0.0,0,23
87.24,0.0,0,23
88.16,0.0,0,23
89.08,0.0,0,23
90.00,0.0,0,23
90.92,0.0,0,23
91.84,0.0,0,23
92.76,0.0,0,23
93.67,0.0,0,23
94.59,0.0,0,23
95.51,0.0,0,23
96.43,0.0,0,23
97.35,0.0,0,23
98.27,0.0,0,23
99.18,0.0,0,23
100.10,0.0,0,23
101.02,4.2,205,23
101.94,4.2,205,23
102.86,0.0,0,23
103.78,3.5,206,23
104.69,0.0,0,23
105.61,0.0,0,23
106.53,4.0,207,23
107.45,4.0,208,23
108.37,0.0,0,23
109.29,0.0,0,23
110.20,0.0,0,23
111.12,0.0,0,23
112.04,4.0,213,23
112.96,0.0,0,23
113.88,4.0,216,23
114.80,0.0,0,23
115.71,0.0,0,23
116.63,0.0,0,23
117.55,3.5,220,23
118.47,3.5,222,23
119.39,0.0,0,23
120.31,0.0,0,23
121.22,3.0,227,23
122.14,3.8,229,23
123.06,2.8,231,23
123.98,0.0,0,23
124.90,0.0,0,23
125.82,2.8,238,23
126.73,0.0,0,23
127.65,3.0,242,23
128.57,0.0,0,23
129.49,0.0,0,23
130.41,0.0,0,23
131.33,0.0,0,23
132.24,0.0,0,23
133.16,0.0,0,23
134.08,0.0,0,23
135.00,0.0,0,23
135.92,0.0,0,23
136.84,0.0,0,23
137.76,0.0,0,23
138.67,0.0,0,23
139.59,15.0,177,23
140.51,20.2,174,23
141.43,20.2,174,23
142.35,0.0,0,23
143.27,0.0,0,23
144.18,0.0,0,23
145.10,0.0,0,23
146.02,0.0,0,23
146.94,5.2,156,23
147.86,0.0,0,23
148.78,0.0,0,23
149.69,0.0,0,23
150.61,0.0,0,23
151.53,0.0,0,23
152.45,0.0,0,23
153.37,0.0,0,23
154.29,0.0,0,23
155.20,0.0,0,23
156.12,0.0,0,23
157.04,0.0,0,23
157.96,0.0,0,23
158.88,0.0,0,23
159.80,0.0,0,23
160.71,0.0,0,23
161.63,0.0,0,23
162.55,0.0,0,23
163.47,0.0,0,23
164.39,28.2,96,23
165.31,0.0,0,23
166.22,0.0,0,23
167.14,0.0,0,23
168.06,0.0,0,23
168.98,0.0,0,23
169.90,0.0,0,23
170.82,0.0,0,23
171.73,0.0,0,23
172.65,0.0,0,23
173.57,0.0,0,23
174.49,0.0,0,23
175.41,0.0,0,23
176.33,0.0,0,23
177.24,0.0,0,23
178.16,0.0,0,23
179.08,0.0,0,23
180.00,0.0,0,23
180.92,0.0,0,23
181.84,0.0,0,23
182.76,0.0,0,23
183.67,0.0,0,23
184.59,0.0,0,23
185.51,0.0,0,23
186.43,0.0,0,23
187.35,0.0,0,23
188.27,0.0,0,23
189.18,0.0,0,23
190.10,0.0,0,23
191.02,0.0,0,23
191.94,0.0,0,23
192.86,0.0,0,23
193.78,0.0,0,23
194.69,0.0,0,23
195.61,0.0,0,23
196.53,0.0,0,23
197.45,0.0,0,23
198.37,0.0,0,23
199.29,0.0,0,23
200.20,0.0,0,23
201.12,0.0,0,23
202.04,0.0,0,23
202.96,0.0,0,23
203.88,0.0,0,23
204.80,0.0,0,23
205.71,0.0,0,23
206.63,0.0,0,23
207.55,0.0,0,23
208.47,0.0,0,23
209.39,0.0,0,23
210.31,0.0,0,23
211.22,0.0,0,23
212.14,0.0,0,23
213.06,0.0,0,23
213.98,0.0,0,23
214.90,0.0,0,23
215.82,0.0,0,23
216.73,0.0,0,23
217.65,0.0,0,23
218.57,0.0,0,23
219.49,0.0,0,23
220.41,135.2,2,23
221.33,135.2,4,23
222.24,135.2,7,23
223.16,135.2,10,23
224.08,134.8,12,23
225.00,135.0,16,23
225.92,134.5,19,23
226.84,135.0,21,23
227.76,134.8,24,23
228.67,134.8,28,23
229.59,134.5,32,23
230.51,134.5,36,23
231.43,134.2,41,23
232.35,134.2,45,23
233.27,134.2,48,23
234.18,134.2,54,23
235.10,134.0,59,23
236.02,134.2,64,23
236.94,133.8,70,23
237.86,133.8,74,23
238.78,133.5,84,23
239.69,133.8,86,23
240.61,69.2,252,23
241.53,67.2,250,23
242.45,67.0,246,23
243.37,71.0,242,23
244.29,70.5,245,23
245.20,69.8,251,23
246.12,0.0,0,23
247.04,128.8,65,23
247.96,129.2,62,23
248.88,128.8,64,23
249.80,128.8,64,23
250.71,128.8,65,23
251.63,0.0,0,23
252.55,0.0,0,23
253.47,0.0,0,23
254.39,0.0,0,23
255.31,0.0,0,23
256.22,0.0,0,23
257.14,0.0,0,23
258.06,0.0,0,23
258.98,129.2,74,23
259.90,0.0,0,23
260.82,0.0,0,23
261.73,0.0,0,23
262.65,0.0,0,23
263.57,0.0,0,23
264.49,0.0,0,23
265.41,0.0,0,23
266.33,0.0,0,23
267.24,0.0,0,23
268.16,0.0,0,23
269.08,0.0,0,23
270.00,0.0,0,23
270.92,0.0,0,23
271.84,0.0,0,23
272.76,0.0,0,23
273.67,0.0,0,23
274.59,0.0,0,23
275.51,0.0,0,23
276.43,0.0,0,23
277.35,0.0,0,23
278.27,0.0,0,23
279.18,0.0,0,23
280.10,0.0,0,23
281.02,0.0,0,23
281.94,0.0,0,23
282.86,0.0,0,23
283.78,0.0,0,23
284.69,0.0,0,23
285.61,0.0,0,23
286.53,0.0,0,23
287.45,0.0,0,23
288.37,196.2,17,23
289.29,196.2,16,23
290.20,196.0,15,23
291.12,196.0,14,23
292.04,196.2,12,23
292.96,196.0,13,23
293.88,192.5,20,23
294.80,0.0,0,23
295.71,0.0,0,23
296.63,0.0,0,23
297.55,0.0,0,23
298.47,0.0,0,23
299.39,0.0,0,23
300.31,0.0,0,23
301.22,0.0,0,23
302.14,0.0,0,23
303.06,704.2,247,23
303.98,704.5,213,23
304.90,704.5,181,23
305.82,704.5,168,23
306.73,704.5,159,23
307.65,704.5,141,23
308.57,704.5,120,23
309.49,704.8,91,23
310.41,704.5,74,23
311.33,704.5,56,23
312.24,704.5,46,23
313.16,704.5,32,23
314.08,704.8,18,23
315.00,896.2,48,23
315.92,896.5,70,23
316.84,896.5,88,23
317.76,896.5,125,23
318.67,896.5,144,23
319.59,896.5,173,23
320.51,896.5,197,23
321.43,896.5,206,23
322.35,896.5,223,23
323.27,896.0,142,23
324.18,960.2,23,23
325.10,896.2,189,23
326.02,960.2,81,23
326.94,960.2,28,23
327.86,960.2,158,23
328.78,960.0,142,23
329.69,960.0,136,23
330.61,960.0,215,23
331.53,960.0,222,23
332.45,1024.0,31,23
333.37,1024.2,79,23
334.29,1024.0,141,23
335.20,1024.0,90,23
336.12,1024.0,179,23
337.04,1024.0,228,23
337.96,1088.2,19,23
338.88,1088.0,89,23
339.80,1088.2,135,23
340.71,1152.2,66,23
341.63,1152.2,170,23
342.55,1216.2,1,23
343.47,1216.2,68,23
344.39,4.5,222,23
345.31,0.0,0,23
346.22,0.0,0,23
347.14,0.0,0,23
348.06,0.0,0,23
348.98,0.0,0,23
349.90,0.0,0,23
350.82,0.0,0,23
351.73,7.2,204,23
352.65,0.0,0,23
353.57,0.0,0,23
354.49,0.0,0,23
355.41,0.0,0,23
356.33,0.0,0,23
357.24,0.0,0,23
358.16,0.0,0,23
359.08,0.0,0,23
0.00,0.0,0,24
0.90,3.5,188,24
1.80,0.0,0,24
2.70,0.0,0,24
3.60,7.8,189,24
4.50,0.0,0,24
5.40,0.0,0,24
6.30,0.0,0,24
7.20,0.0,0,24
8.10,0.0,0,24
9.00,5.2,144,24
9.90,0.0,0,24
10.80,0.0,0,24
11.70,14.2,129,24
12.60,0.0,0,24
13.50,0.0,0,24
14.40,0.0,0,24
15.30,0.0,0,24
16.20,17.8,128,24
17.10,0.0,0,24
18.00,0.0,0,24
18.90,0.0,0,24
19.80,0.0,0,24
20.70,0.0,0,24
21.60,0.0,0,24
22.50,0.0,0,24
23.40,0.0,0,24
24.30,0.0,0,24
25.20,0.0,0,24
26.10,17.5,118,24
27.00,0.0,0,24
27.90,0.0,0,24
28.80,0.0,0,24
29.70,0.0,0,24
30.60,0.0,0,24
31.50,0.0,0,24
32.40,0.0,0,24
33.30,0.0,0,24
34.20,0.0,0,24
35.10,0.0,0,24
36.00,0.0,0,24
36.90,0.0,0,24
37.80,0.0,0,24
38.70,0.0,0,24
39.60,0.0,0,24
40.50,0.0,0,24
41.40,0.0,0,24
42.30,0.0,0,24
43.20,0.0,0,24
44.10,67.5,25,24
45.00,0.0,0,24
45.90,67.5,25,24
46.80,0.0,0,24
47.70,0.0,0,24
48.60,68.2,27,24
49.50,0.0,0,24
50.40,67.0,29,24
51.30,67.2,30,24
52.20,0.0,0,24
53.10,0.0,0,24
54.00,0.0,0,24
54.90,68.2,37,24
55.80,67.2,39,24
56.70,67.2,41,24
57.60,0.0,0,24
58.50,0.0,0,24
59.40,67.5,45,24
60.30,68.2,45,24
61.20,69.2,46,24
62.10,0.0,0,24
63.00,2.2,238,24
63.90,0.0,0,24
64.80,0.0,0,24
65.70,0.0,0,24
66.60,0.0,0,24
67.50,2.8,231,24
68.40,0.0,0,24
69.30,0.0,0,24
70.20,3.0,225,24
71.10,2.8,223,24
72.00,0.0,0,24
72.90,0.0,0,24
73.80,0.0,0,24
74.70,0.0,0,24
75.60,3.8,215,24
76.50,0.0,0,24
77.40,0.0,0,24
78.30,3.8,212,24
79.20,4.2,211,24
80.10,3.5,211,24
81.00,0.0,0,24
81.90,0.0,0,24
82.80,0.0,0,24
83.70,0.0,0,24
84.60,4.0,207,24
85.50,0.0,0,24
86.40,0.0,0,24
87.30,0.0,0,24
88.20,0.0,0,24
89.10,0.0,0,24
90.00,4.0,203,24
90.90,4.0,203,24
91.80,0.0,0,24
92.70,0.0,0,24
93.60,0.0,0,24
94.50,0.0,0,24
95.40,0.0,0,24
96.30,4.0,202,24
97.20,0.0,0,24
98.10,0.0,0,24
99.00,0.0,0,24
99.90,0.0,0,24
100.80,4.2,202,24
101.70,0.0,0,24
102.60,0.0,0,24
103.50,4.2,204,24
104.40,0.0,0,24
105.30,0.0,0,24
106.20,0.0,0,24
107.10,2.2,206,24
108.00,0.0,0,24
108.90,0.0,0,24
109.80,0.0,0,24
110.70,4.0,209,24
111.60,0.0,0,24
112.50,0.0,0,24
113.40,4.2,211,24
114.30,0.0,0,24
115.20,4.2,213,24
116.10,0.0,0,24
117.00,0.0,0,24
117.90,0.0,0,24
118.80,4.2,218,24
119.70,3.8,220,24
120.60,3.5,221,24
121.50,3.2,222,24
122.40,0.0,0,24
123.30,0.0,0,24
124.20,0.0,0,24
125.10,0.0,0,24
126.00,3.0,231,24
126.90,3.0,233,24
127.80,0.0,0,24
128.70,0.0,0,24
129.60,0.0,0,24
130.50,0.0,0,24
131.40,0.0,0,24
132.30,0.0,0,24
133.20,0.0,0,24
134.10,0.0,0,24
135.00,2.8,255,24
135.90,0.0,0,24
136.80,66.8,6,24
137.70,0.0,0,24
138.60,0.0,0,24
139.50,0.0,0,24
140.40,0.0,0,24
141.30,0.0,0,24
142.20,17.0,177,24
143.10,22.2,173,24
144.00,18.2,176,24
144.90,0.0,0,24
145.80,0.0,0,24
146.70,0.0,0,24
147.60,0.0,0,24
148.50,0.0,0,24
149.40,0.0,0,24
150.30,0.0,0,24
151.20,0.0,0,24
152.10,0.0,0,24
153.00,0.0,0,24
153.90,0.0,0,24
154.80,3.2,145,24
155.70,0.0,0,24
156.60,0.0,0,24
157.50,0.0,0,24
158.40,0.0,0,24
159.30,0.0,0,24
160.20,0.0,0,24
161.10,0.0,0,24
162.00,0.0,0,24
162.90,0.0,0,24
163.80,0.0,0,24
164.70,0.0,0,24
165.60,0.0,0,24
166.50,0.0,0,24
167.40,0.0,0,24
168.30,0.0,0,24
169.20,0.0,0,24
170.10,0.0,0,24
171.00,0.0,0,24
171.90,0.0,0,24
172.80,0.0,0,24
173.70,0.0,0,24
174.60,0.0,0,24
175.50,0.0,0,24
176.40,0.0,0,24
177.30,0.0,0,24
178.20,0.0,0,24
179.10,0.0,0,24
180.00,0.0,0,24
180.90,0.0,0,24
181.80,0.0,0,24
182.70,0.0,0,24
183.60,0.0,0,24
184.50,0.0,0,24
185.40,0.0,0,24
186.30,0.0,0,24
187.20,0.0,0,24
188.10,0.0,0,24
189.00,0.0,0,24
189.90,0.0,0,24
190.80,0.0,0,24
191.70,0.0,0,24
192.60,0.0,0,24
193.50,0.0,0,24
194.40,0.0,0,24
195.30,0.0,0,24
196.20,0.0,0,24
197.10,0.0,0,24
198.00,0.0,0,24
198.90,0.0,0,24
199.80,0.0,0,24
200.70,0.0,0,24
201.60,0.0,0,24
202.50,0.0,0,24
203.40,0.0,0,24
204.30,0.0,0,24
205.20,0.0,0,24
206.10,0.0,0,24
207.00,0.0,0,24
207.90,0.0,0,24
208.80,0.0,0,24
209.70,0.0,0,24
210.60,0.0,0,24
211.50,0.0,0,24
212.40,0.0,0,24
213.30,0.0,0,24
214.20,0.0,0,24
215.10,0.0,0,24
216.00,0.0,0,24
216.90,0.0,0,24
217.80,0.0,0,24
218.70,0.0,0,24
219.60,0.0,0,24
220.50,69.5,254,24
221.40,135.0,3,24
222.30,135.2,6,24
223.20,135.2,9,24
224.10,135.0,12,24
225.00,135.0,15,24
225.90,135.0,17,24
226.80,135.2,20,24
227.70,135.0,23,24
228.60,134.5,27,24
229.50,134.8,30,24
230.40,134.5,35,24
231.30,134.2,39,24
232.20,134.5,44,24
233.10,134.2,48,24
234.00,134.5,53,24
234.90,134.0,57,24
235.80,134.2,63,24
236.70,133.8,69,24
237.60,134.0,73,24
238.50,134.0,79,24
239.40,132.2,81,24
240.30,68.0,252,24
241.20,68.8,249,24
242.10,68.0,246,24
243.00,71.2,242,24
243.90,70.5,245,24
244.80,70.0,250,24
245.70,128.8,8,24
246.60,128.8,64,24
247.50,129.0,63,24
248.40,128.8,64,24
249.30,128.8,63,24
250.20,128.8,65,24
251.10,0.0,0,24
252.00,0.0,0,24
252.90,0.0,0,24
253.80,0.0,0,24
254.70,0.0,0,24
255.60,0.0,0,24
256.50,0.0,0,24
257.40,0.0,0,24
258.30,129.2,75,24
259.20,0.0,0,24
260.10,0.0,0,24
261.00,0.0,0,24
261.90,0.0,0,24
262.80,0.0,0,24
263.70,0.0,0,24
264.60,0.0,0,24
265.50,0.0,0,24
266.40,0.0,0,24
267.30,0.0,0,24
268.20,0.0,0,24
269.10,0.0,0,24
270.00,0.0,0,24
270.90,0.0,0,24
271.80,0.0,0,24
272.70,0.0,0,24
273.60,0.0,0,24
274.50,0.0,0,24
275.40,0.0,0,24
276.30,0.0,0,24
277.20,0.0,0,24
278.10,0.0,0,24
279.00,0.0,0,24
279.90,0.0,0,24
280.80,0.0,0,24
281.70,0.0,0,24
282.60,0.0,0,24
283.50,0.0,0,24
284.40,0.0,0,24
285.30,0.0,0,24
286.20,0.0,0,24
287.10,196.0,18,24
288.00,196.2,16,24
288.90,196.0,15,24
289.80,196.0,13,24
290.70,196.2,11,24
291.60,195.8,14,24
292.50,192.2,19,24
293.40,0.0,0,24
294.30,0.0,0,24
295.20,0.0,0,24
296.10,0.0,0,24
297.00,0.0,0,24
297.90,0.0,0,24
298.80,0.0,0,24
299.70,0.0,0,24
300.60,0.0,0,24
301.50,704.5,245,24
302.40,704.5,209,24
303.30,704.5,182,24
304.20,704.5,167,24
305.10,704.5,154,24
306.00,704.5,140,24
306.90,704.5,120,24
307.80,704.5,84,24
308.70,704.5,70,24
309.60,704.5,53,24
310.50,704.5,48,24
311.40,704.5,30,24
312.30,704.8,22,24
313.20,896.5,48,24
314.10,896.2,63,24
315.00,896.5,92,24
315.90,896.5,113,24
316.80,896.2,155,24
317.70,896.2,171,24
318.60,896.5,192,24
319.50,896.5,203,24
320.40,896.2,218,24
321.30,896.0,138,24
322.20,960.0,27,24
323.10,896.2,195,24
324.00,960.2,79,24
324.90,960.2,22,24
325.80,960.2,139,24
326.70,960.0,147,24
327.60,960.0,145,24
328.50,960.2,228,24
329.40,960.2,224,24
330.30,1024.0,48,24
331.20,1024.2,80,24
332.10,1024.0,90,24
333.00,1024.2,107,24
333.90,1024.0,181,24
334.80,1024.0,251,24
335.70,1088.2,24,24
336.60,1088.0,88,24
337.50,1088.0,245,24
338.40,1152.2,100,24
339.30,1152.2,208,24
340.20,1216.2,29,24
341.10,1216.2,108,24
342.00,0.0,0,24
342.90,0.0,0,24
343.80,6.0,216,24
344.70,0.0,0,24
345.60,0.0,0,24
346.50,5.5,209,24
347.40,6.0,208,24
348.30,6.0,204,24
349.20,0.0,0,24
350.10,0.0,0,24
351.00,5.5,149,24
351.90,9.5,150,24
352.80,0.0,0,24
353.70,0.0,0,24
354.60,6.2,152,24
355.50,0.0,0,24
356.40,0.0,0,24
357.30,0.0,0,24
358.20,0.0,0,24
359.10,0.0,0,24
0.00,0.0,0,25
0.90,7.0,187,25
1.80,0.0,0,25
2.70,0.0,0,25
3.60,0.0,0,25
4.50,0.0,0,25
5.40,0.0,0,25
6.30,0.0,0,25
7.20,0.0,0,25
8.10,0.0,0,25
9.00,0.0,0,25
9.90,21.0,127,25
10.80,0.0,0,25
11.70,0.0,0,25
12.60,0.0,0,25
13.50,0.0,0,25
14.40,0.0,0,25
15.30,0.0,0,25
16.20,12.8,123,25
17.10,0.0,0,25
18.00,0.0,0,25
18.90,0.0,0,25
19.80,0.0,0,25
20.70,0.0,0,25
21.60,17.5,118,25
22.50,0.0,0,25
23.40,0.0,0,25
24.30,0.0,0,25
25.20,0.0,0,25
26.10,0.0,0,25
27.00,0.0,0,25
27.90,0.0,0,25
28.80,0.0,0,25
29.70,0.0,0,25
30.60,0.0,0,25
31.50,0.0,0,25
32.40,0.0,0,25
33.30,0.0,0,25
34.20,0.0,0,25
35.10,0.0,0,25
36.00,0.0,0,25
36.90,0.0,0,25
37.80,0.0,0,25
38.70,0.0,0,25
39.60,0.0,0,25
40.50,68.0,26,25
41.40,0.0,0,25
42.30,0.0,0,25
43.20,0.0,0,25
44.10,67.8,27,25
45.00,0.0,0,25
45.90,67.5,29,25
46.80,66.8,29,25
47.70,0.0,0,25
48.60,0.0,0,25
49.50,0.0,0,25
50.40,67.8,37,25
51.30,67.8,39,25
52.20,67.2,40,25
53.10,0.0,0,25
54.00,0.0,0,25
54.90,0.0,0,25
55.80,67.2,43,25
56.70,69.2,45,25
57.60,0.0,0,25
58.50,0.0,0,25
59.40,2.5,238,25
60.30,0.0,0,25
61.20,3.0,235,25
62.10,3.2,232,25
63.00,0.0,0,25
63.90,0.0,0,25
64.80,0.0,0,25
65.70,0.0,0,25
66.60,0.0,0,25
67.50,0.0,0,25
68.40,3.2,221,25
69.30,0.0,0,25
70.20,0.0,0,25
71.10,0.0,0,25
72.00,3.8,216,25
72.90,0.0,0,25
73.80,0.0,0,25
74.70,3.8,212,25
75.60,0.0,0,25
76.50,0.0,0,25
77.40,0.0,0,25
78.30,3.8,208,25
79.20,0.0,0,25
80.10,0.0,0,25
81.00,0.0,0,25
81.90,0.0,0,25
82.80,0.0,0,25
83.70,0.0,0,25
84.60,0.0,0,25
85.50,0.0,0,25
86.40,0.0,0,25
87.30,0.0,0,25
88.20,0.0,0,25
89.10,0.0,0,25
90.00,0.0,0,25
90.90,4.0,202,25
91.80,4.2,202,25
92.70,0.0,0,25
93.60,4.5,202,25
94.50,4.2,203,25
95.40,0.0,0,25
96.30,0.0,0,25
97.20,0.0,0,25
98.10,0.0,0,25
99.00,0.0,0,25
99.90,4.5,205,25
100.80,0.0,0,25
101.70,0.0,0,25
102.60,0.0,0,25
103.50,0.0,0,25
104.40,0.0,0,25
105.30,3.8,207,25
106.20,4.0,208,25
107.10,0.0,0,25
108.00,0.0,0,25
108.90,0.0,0,25
109.80,4.2,211,25
110.70,3.8,212,25
111.60,0.0,0,25
112.50,4.0,216,25
113.40,0.0,0,25
114.30,0.0,0,25
115.20,0.0,0,25
116.10,3.5,220,25
117.00,0.0,0,25
117.90,0.0,0,25
118.80,0.0,0,25
119.70,3.0,226,25
120.60,0.0,0,25
121.50,0.0,0,25
122.40,0.0,0,25
123.30,0.0,0,25
124.20,0.0,0,25
125.10,0.0,0,25
126.00,3.0,242,25
126.90,3.2,244,25
127.80,0.0,0,25
128.70,0.0,0,25
129.60,0.0,0,25
130.50,0.0,0,25
131.40,0.0,0,25
132.30,0.0,0,25
133.20,0.0,0,25
134.10,0.0,0,25
135.00,0.0,0,25
135.90,66.2,18,25
136.80,0.0,0,25
137.70,15.5,178,25
138.60,19.0,175,25
139.50,20.8,173,25
140.40,0.0,0,25
141.30,0.0,0,25
142.20,0.0,0,25
143.10,0.0,0,25
144.00,0.0,0,25
144.90,0.0,0,25
145.80,0.0,0,25
146.70,0.0,0,25
147.60,0.0,0,25
148.50,0.0,0,25
149.40,0.0,0,25
150.30,0.0,0,25
151.20,0.0,0,25
152.10,0.0,0,25
153.00,0.0,0,25
153.90,0.0,0,25
154.80,0.0,0,25
155.70,0.0,0,25
156.60,0.0,0,25
157.50,0.0,0,25
158.40,0.0,0,25
159.30,0.0,0,25
160.20,0.0,0,25
161.10,0.0,0,25
162.00,28.5,96,25
162.90,0.0,0,25
163.80,0.0,0,25
164.70,0.0,0,25
165.60,0.0,0,25
166.50,0.0,0,25
167.40,0.0,0,25
168.30,0.0,0,25
169.20,65.2,21,25
170.10,0.0,0,25
171.00,0.0,0,25
171.90,0.0,0,25
172.80,0.0,0,25
173.70,0.0,0,25
174.60,0.0,0,25
175.50,0.0,0,25
176.40,0.0,0,25
177.30,0.0,0,25
178.20,0.0,0,25
179.10,0.0,0,25
180.00,0.0,0,25
180.90,0.0,0,25
181.80,0.0,0,25
182.70,0.0,0,25
183.60,0.0,0,25
184.50,0.0,0,25
185.40,0.0,0,25
186.30,0.0,0,25
187.20,0.0,0,25
188.10,0.0,0,25
189.00,0.0,0,25
189.90,0.0,0,25
190.80,0.0,0,25
191.70,0.0,0,25
192.60,0.0,0,25
193.50,0.0,0,25
194.40,0.0,0,25
195.30,0.0,0,25
196.20,0.0,0,25
197.10,0.0,0,25
198.00,0.0,0,25
198.90,0.0,0,25
199.80,0.0,0,25
200.70,0.0,0,25
201.60,0.0,0,25
202.50,0.0,0,25
203.40,0.0,0,25
204.30,0.0,0,25
205.20,0.0,0,25
206.10,0.0,0,25
207.00,0.0,0,25
207.90,0.0,0,25
208.80,0.0,0,25
209.70,0.0,0,25
210.60,0.0,0,25
211.50,0.0,0,25
212.40,0.0,0,25
213.30,0.0,0,25
214.20,0.0,0,25
215.10,0.0,0,25
216.00,0.0,0,25
216.90,0.0,0,25
217.80,135.2,3,25
218.70,135.2,5,25
219.60,135.2,8,25
220.50,135.2,11,25
221.40,135.2,13,25
222.30,135.0,16,25
223.20,135.0,19,25
224.10,135.0,23,25
225.00,134.5,26,25
225.90,135.0,30,25
226.80,134.2,34,25
227.70,134.8,38,25
228.60,134.5,42,25
229.50,134.2,47,25
230.40,134.5,51,25
231.30,134.2,56,25
232.20,134.0,61,25
233.10,134.5,66,25
234.00,134.0,72,25
234.90,134.0,78,25
235.80,70.0,163,25
236.70,133.0,93,25
237.60,70.0,249,25
238.50,69.0,240,25
239.40,70.5,242,25
240.30,70.5,244,25
241.20,69.5,247,25
242.10,132.2,1,25
243.00,128.5,62,25
243.90,0.0,0,25
244.80,129.0,66,25
245.70,0.0,0,25
246.60,128.5,64,25
247.50,0.0,0,25
248.40,128.5,65,25
249.30,0.0,0,25
250.20,0.0,0,25
251.10,0.0,0,25
252.00,0.0,0,25
252.90,0.0,0,25
253.80,0.0,0,25
254.70,0.0,0,25
255.60,129.0,77,25
256.50,0.0,0,25
257.40,0.0,0,25
258.30,0.0,0,25
259.20,0.0,0,25
260.10,0.0,0,25
261.00,0.0,0,25
261.90,0.0,0,25
262.80,0.0,0,25
263.70,0.0,0,25
264.60,0.0,0,25
265.50,0.0,0,25
266.40,0.0,0,25
267.30,0.0,0,25
268.20,0.0,0,25
269.10,0.0,0,25
270.00,0.0,0,25
270.90,0.0,0,25
271.80,0.0,0,25
272.70,0.0,0,25
273.60,0.0,0,25
274.50,0.0,0,25
275.40,0.0,0,25
276.30,0.0,0,25
277.20,0.0,0,25
278.10,0.0,0,25
279.00,0.0,0,25
279.90,0.0,0,25
280.80,0.0,0,25
281.70,0.0,0,25
282.60,0.0,0,25
283.50,0.0,0,25
284.40,196.2,17,25
285.30,196.5,16,25
286.20,196.0,14,25
287.10,196.0,13,25
288.00,196.2,11,25
288.90,194.8,18,25
289.80,0.0,0,25
290.70,0.0,0,25
291.60,0.0,0,25
292.50,0.0,0,25
293.40,0.0,0,25
294.30,0.0,0,25
295.20,0.0,0,25
296.10,0.0,0,25
297.00,0.0,0,25
297.90,0.0,0,25
298.80,704.5,239,25
299.70,704.5,208,25
300.60,704.5,179,25
301.50,704.5,168,25
302.40,704.5,153,25
303.30,704.5,140,25
304.20,704.5,123,25
305.10,704.8,91,25
306.00,704.8,71,25
306.90,704.5,52,25
307.80,704.5,47,25
308.70,704.5,32,25
309.60,704.8,22,25
310.50,896.5,43,25
311.40,896.5,70,25
312.30,896.5,81,25
313.20,896.5,116,25
314.10,896.5,143,25
315.00,896.5,175,25
315.90,896.5,196,25
316.80,896.5,204,25
317.70,896.5,219,25
318.60,896.2,141,25
319.50,960.2,23,25
320.40,896.0,194,25
321.30,960.2,79,25
322.20,960.0,45,25
323.10,960.0,142,25
324.00,960.0,148,25
324.90,960.2,125,25
325.80,960.0,211,25
326.70,960.0,231,25
327.60,960.0,219,25
328.50,1024.2,81,25
329.40,1024.0,101,25
330.30,1024.0,96,25
331.20,1024.0,195,25
332.10,1024.0,192,25
333.00,1088.0,19,25
333.90,1088.0,57,25
334.80,1088.0,130,25
335.70,1152.2,47,25
336.60,1152.2,145,25
337.50,1152.2,227,25
338.40,1216.2,50,25
339.30,1216.0,133,25
340.20,0.0,0,25
341.10,0.0,0,25
342.00,0.0,0,25
342.90,0.0,0,25
343.80,0.0,0,25
344.70,0.0,0,25
345.60,5.5,207,25
346.50,0.0,0,25
347.40,0.0,0,25
348.30,0.0,0,25
349.20,0.0,0,25
350.10,0.0,0,25
351.00,0.0,0,25
351.90,0.0,0,25
352.80,0.0,0,25
353.70,0.0,0,25
354.60,0.0,0,25
355.50,0.0,0,25
356.40,0.0,0,25
357.30,9.5,189,25
358.20,10.0,189,25
359.10,0.0,0,25
0.00,0.0,0,26
0.92,8.5,186,26
1.84,0.0,0,26
2.76,0.0,0,26
3.67,0.0,0,26
4.59,9.2,132,26
5.51,0.0,0,26
6.43,0.0,0,26
7.35,0.0,0,26
8.27,0.0,0,26
9.18,0.0,0,26
10.10,17.2,127,26
11.02,0.0,0,26
11.94,0.0,0,26
12.86,0.0,0,26
13.78,0.0,0,26
14.69,0.0,0,26
15.61,0.0,0,26
16.53,0.0,0,26
17.45,0.0,0,26
18.37,0.0,0,26
19.29,0.0,0,26
20.20,0.0,0,26
21.12,18.2,118,26
22.04,0.0,0,26
22.96,16.8,118,26
23.88,0.0,0,26
24.80,0.0,0,26
25.71,9.0,121,26
26.63,0.0,0,26
27.55,0.0,0,26
28.47,0.0,0,26
29.39,0.0,0,26
30.31,6.8,127,26
31.22,0.0,0,26
32.14,0.0,0,26
33.06,0.0,0,26
33.98,0.0,0,26
34.90,0.0,0,26
35.82,0.0,0,26
36.73,0.0,0,26
37.65,0.0,0,26
38.57,0.0,0,26
39.49,0.0,0,26
40.41,68.8,24,26
41.33,0.0,0,26
42.24,67.0,24,26
43.16,0.0,0,26
44.08,0.0,0,26
45.00,0.0,0,26
45.92,0.0,0,26
46.84,0.0,0,26
47.76,67.2,31,26
48.67,66.2,33,26
49.59,0.0,0,26
50.51,0.0,0,26
51.43,0.0,0,26
52.35,68.0,40,26
53.27,67.8,41,26
54.18,0.0,0,26
55.10,69.0,43,26
56.02,67.5,43,26
56.94,68.0,44,26
57.86,0.0,0,26
58.78,0.0,0,26
59.69,0.0,0,26
60.61,0.0,0,26
61.53,0.0,0,26
62.45,3.2,233,26
63.37,3.2,231,26
64.29,3.2,230,26
65.20,0.0,0,26
66.12,0.0,0,26
67.04,0.0,0,26
67.96,3.0,222,26
68.88,0.0,0,26
69.80,0.0,0,26
70.71,0.0,0,26
71.63,0.0,0,26
72.55,4.0,216,26
73.47,3.5,215,26
74.39,0.0,0,26
75.31,3.8,212,26
76.22,3.8,211,26
77.14,0.0,0,26
78.06,0.0,0,26
78.98,4.0,208,26
79.90,3.8,208,26
80.82,0.0,0,26
81.73,0.0,0,26
82.65,4.0,206,26
83.57,0.0,0,26
84.49,0.0,0,26
85.41,0.0,0,26
86.33,0.0,0,26
87.24,4.0,203,26
88.16,0.0,0,26
89.08,4.2,203,26
90.00,4.0,203,26
90.92,0.0,0,26
91.84,4.5,202,26
92.76,0.0,0,26
93.67,4.5,202,26
94.59,0.0,0,26
95.51,4.0,202,26
96.43,0.0,0,26
97.35,2.2,200,26
98.27,4.2,202,26
99.18,0.0,0,26
100.10,4.2,204,26
101.02,0.0,0,26
101.94,0.0,0,26
102.86,0.0,0,26
103.78,0.0,0,26
104.69,2.0,206,26
105.61,0.0,0,26
106.53,0.0,0,26
107.45,0.0,0,26
108.37,0.0,0,26
109.29,0.0,0,26
110.20,0.0,0,26
111.12,4.2,211,26
112.04,0.0,0,26
112.96,4.2,213,26
113.88,0.0,0,26
114.80,3.5,215,26
115.71,0.0,0,26
116.63,0.0,0,26
117.55,0.0,0,26
118.47,0.0,0,26
119.39,3.2,222,26
120.31,0.0,0,26
121.22,0.0,0,26
122.14,0.0,0,26
123.06,0.0,0,26
123.98,2.8,231,26
124.90,3.0,233,26
125.82,0.0,0,26
126.73,0.0,0,26
127.65,0.0,0,26
128.57,0.0,0,26
129.49,0.0,0,26
130.41,3.0,248,26
131.33,0.0,0,26
132.24,2.8,253,26
133.16,2.8,255,26
134.08,0.0,0,26
135.00,0.0,0,26
135.92,0.0,0,26
136.84,66.5,13,26
137.76,0.0,0,26
138.67,66.2,19,26
139.59,0.0,0,26
140.51,17.8,177,26
141.43,22.2,174,26
142.35,18.5,175,26
143.27,0.0,0,26
144.18,0.0,0,26
145.10,0.0,0,26
146.02,0.0,0,26
146.94,0.0,0,26
147.86,0.0,0,26
148.78,0.0,0,26
149.69,0.0,0,26
150.61,0.0,0,26
151.53,0.0,0,26
152.45,0.0,0,26
153.37,0.0,0,26
154.29,0.0,0,26
155.20,0.0,0,26
156.12,0.0,0,26
157.04,0.0,0,26
157.96,0.0,0,26
158.88,0.0,0,26
159.80,0.0,0,26
160.71,0.0,0,26
161.63,0.0,0,26
162.55,0.0,0,26
163.47,0.0,0,26
164.39,0.0,0,26
165.31,28.2,96,26
166.22,0.0,0,26
167.14,0.0,0,26
168.06,0.0,0,26
168.98,0.0,0,26
169.90,0.0,0,26
170.82,0.0,0,26
171.73,0.0,0,26
172.65,0.0,0,26
173.57,0.0,0,26
174.49,65.5,50,26
175.41,0.0,0,26
176.33,0.0,0,26
177.24,0.0,0,26
178.16,0.0,0,26
179.08,0.0,0,26
180.00,0.0,0,26
180.92,0.0,0,26
181.84,0.0,0,26
182.76,0.0,0,26
183.67,0.0,0,26
184.59,0.0,0,26
185.51,0.0,0,26
186.43,0.0,0,26
187.35,0.0,0,26
188.27,0.0,0,26
189.18,0.0,0,26
190.10,0.0,0,26
191.02,0.0,0,26
191.94,0.0,0,26
192.86,0.0,0,26
193.78,0.0,0,26
194.69,0.0,0,26
195.61,0.0,0,26
196.53,0.0,0,26
197.45,0.0,0,26
198.37,0.0,0,26
199.29,0.0,0,26
200.20,0.0,0,26
201.12,0.0,0,26
202.04,0.0,0,26
202.96,0.0,0,26
203.88,0.0,0,26
204.80,0.0,0,26
205.71,0.0,0,26
206.63,0.0,0,26
207.55,0.0,0,26
208.47,0.0,0,26
209.39,0.0,0,26
210.31,0.0,0,26
211.22,0.0,0,26
212.14,0.0,0,26
213.06,0.0,0,26
213.98,0.0,0,26
214.90,0.0,0,26
215.82,0.0,0,26
216.73,0.0,0,26
217.65,0.0,0,26
218.57,0.0,0,26
219.49,0.0,0,26
220.41,0.0,0,26
221.33,135.2,3,26
222.24,135.2,5,26
223.16,135.2,7,26
224.08,135.2,10,26
225.00,135.2,12,26
225.92,135.0,16,26
226.84,134.8,19,26
227.76,135.0,22,26
228.67,134.5,27,26
229.59,135.0,29,26
230.51,134.2,34,26
231.43,134.8,38,26
232.35,134.2,42,26
233.27,134.5,47,26
234.18,134.5,50,26
235.10,134.2,56,26
236.02,133.8,60,26
236.94,134.2,65,26
237.86,134.0,72,26
238.78,134.0,78,26
239.69,69.8,163,26
240.61,133.2,92,26
241.53,70.0,249,26
242.45,69.0,240,26
243.37,70.5,242,26
244.29,70.8,244,26
245.20,69.5,247,26
246.12,132.2,2,26
247.04,0.0,0,26
247.96,128.5,63,26
248.88,128.8,65,26
249.80,128.8,63,26
250.71,128.8,64,26
251.63,128.5,65,26
252.55,128.2,67,26
253.47,128.2,67,26
254.39,0.0,0,26
255.31,0.0,0,26
256.22,0.0,0,26
257.14,0.0,0,26
258.06,0.0,0,26
258.98,0.0,0,26
259.90,0.0,0,26
260.82,0.0,0,26
261.73,0.0,0,26
262.65,0.0,0,26
263.57,0.0,0,26
264.49,0.0,0,26
265.41,0.0,0,26
266.33,0.0,0,26
267.24,0.0,0,26
268.16,0.0,0,26
269.08,0.0,0,26
270.00,0.0,0,26
270.92,0.0,0,26
271.84,0.0,0,26
272.76,0.0,0,26
273.67,0.0,0,26
274.59,0.0,0,26
275.51,0.0,0,26
276.43,0.0,0,26
277.35,0.0,0,26
278.27,0.0,0,26
279.18,0.0,0,26
280.10,0.0,0,26
281.02,0.0,0,26
281.94,0.0,0,26
282.86,0.0,0,26
283.78,0.0,0,26
284.69,0.0,0,26
285.61,0.0,0,26
286.53,0.0,0,26
287.45,0.0,0,26
288.37,196.2,19,26
289.29,196.2,17,26
290.20,196.0,15,26
291.12,196.0,14,26
292.04,196.2,12,26
292.96,196.0,13,26
293.88,192.5,21,26
294.80,0.0,0,26
295.71,0.0,0,26
296.63,0.0,0,26
297.55,0.0,0,26
298.47,0.0,0,26
299.39,0.0,0,26
300.31,0.0,0,26
301.22,0.0,0,26
302.14,0.0,0,26
303.06,704.5,246,26
303.98,704.5,212,26
304.90,704.5,181,26
305.82,704.5,162,26
306.73,704.5,153,26
307.65,704.5,142,26
308.57,704.5,119,26
309.49,704.8,89,26
310.41,704.5,71,26
311.33,704.5,53,26
312.24,704.5,43,26
313.16,704.8,28,26
314.08,704.8,21,26
315.00,896.5,45,26
315.92,896.5,68,26
316.84,896.5,94,26
317.76,896.5,124,26
318.67,896.2,158,26
319.59,896.2,177,26
320.51,896.5,194,26
321.43,896.5,210,26
322.35,896.2,220,26
323.27,896.0,152,26
324.18,960.0,18,26
325.10,896.2,182,26
326.02,960.0,78,26
326.94,960.2,29,26
327.86,960.2,140,26
328.78,960.0,133,26
329.69,960.0,154,26
330.61,960.2,241,26
331.53,960.2,210,26
332.45,1024.0,66,26
333.37,1024.0,80,26
334.29,1024.0,65,26
335.20,1024.0,133,26
336.12,1024.0,184,26
337.04,1088.0,4,26
337.96,1088.0,33,26
338.88,1088.0,93,26
339.80,1152.2,30,26
340.71,1152.2,120,26
341.63,1152.2,221,26
342.55,1216.2,47,26
343.47,1216.0,128,26
344.39,5.5,219,26
345.31,0.0,0,26
346.22,0.0,0,26
347.14,2.8,220,26
348.06,0.0,0,26
348.98,0.0,0,26
349.90,0.0,0,26
350.82,6.5,203,26
351.73,0.0,0,26
352.65,0.0,0,26
353.57,0.0,0,26
354.49,0.0,0,26
355.41,0.0,0,26
356.33,0.0,0,26
357.24,0.0,0,26
358.16,0.0,0,26
359.08,0.0,0,26
0.00,0.0,0,27
2.05,7.5,189,27
4.09,0.0,0,27
6.14,0.0,0,27
8.18,0.0,0,27
10.23,0.0,0,27
12.27,8.5,187,27
14.32,0.0,0,27
16.36,0.0,0,27
18.41,0.0,0,27
20.45,0.0,0,27
22.50,0.0,0,27
24.55,0.0,0,27
26.59,0.0,0,27
28.64,0.0,0,27
30.68,0.0,0,27
32.73,0.0,0,27
34.77,0.0,0,27
36.82,0.0,0,27
38.86,0.0,0,27
40.91,0.0,0,27
42.95,0.0,0,27
45.00,0.0,0,27
47.05,0.0,0,27
49.09,0.0,0,27
51.14,0.0,0,27
53.18,21.5,118,27
55.23,0.0,0,27
57.27,0.0,0,27
59.32,0.0,0,27
61.36,0.0,0,27
63.41,14.2,119,27
65.45,0.0,0,27
67.50,0.0,0,27
69.55,0.0,0,27
71.59,0.0,0,27
73.64,0.0,0,27
75.68,0.0,0,27
77.73,0.0,0,27
79.77,0.0,0,27
81.82,0.0,0,27
83.86,0.0,0,27
85.91,0.0,0,27
87.95,0.0,0,27
90.00,0.0,0,27
92.05,0.0,0,27
94.09,0.0,0,27
96.14,0.0,0,27
98.18,0.0,0,27
100.23,0.0,0,27
102.27,0.0,0,27
104.32,0.0,0,27
106.36,67.8,26,27
108.41,0.0,0,27
110.45,0.0,0,27
112.50,0.0,0,27
114.55,0.0,0,27
116.59,0.0,0,27
118.64,0.0,0,27
120.68,0.0,0,27
122.73,0.0,0,27
124.77,67.8,41,27
126.82,68.0,41,27
128.86,0.0,0,27
130.91,68.8,42,27
132.95,0.0,0,27
135.00,0.0,0,27
137.05,0.0,0,27
139.09,0.0,0,27
141.14,0.0,0,27
143.18,0.0,0,27
145.23,0.0,0,27
147.27,0.0,0,27
149.32,0.0,0,27
151.36,0.0,0,27
153.41,0.0,0,27
155.45,0.0,0,27
157.50,2.8,224,27
159.55,0.0,0,27
161.59,0.0,0,27
163.64,3.2,220,27
165.68,3.0,218,27
167.73,3.2,217,27
169.77,0.0,0,27
171.82,0.0,0,27
173.86,0.0,0,27
175.91,4.0,212,27
177.95,4.2,211,27
180.00,3.5,210,27
182.05,3.8,208,27
184.09,0.0,0,27
186.14,0.0,0,27
188.18,4.0,206,27
190.23,4.0,206,27
192.27,0.0,0,27
194.32,0.0,0,27
196.36,0.0,0,27
198.41,3.8,204,27
200.45,0.0,0,27
202.50,0.0,0,27
204.55,0.0,0,27
206.59,0.0,0,27
208.64,4.0,203,27
210.68,0.0,0,27
212.73,4.8,202,27
214.77,0.0,0,27
216.82,0.0,0,27
218.86,4.2,203,27
220.91,0.0,0,27
222.95,0.0,0,27
225.00,0.0,0,27
227.05,4.5,203,27
229.09,0.0,0,27
231.14,0.0,0,27
233.18,0.0,0,27
235.23,0.0,0,27
237.27,0.0,0,27
239.32,4.2,206,27
241.36,0.0,0,27
243.41,4.0,206,27
245.45,3.8,207,27
247.50,3.8,208,27
249.55,3.8,209,27
251.59,3.5,210,27
253.64,0.0,0,27
255.68,4.0,211,27
257.73,0.0,0,27
259.77,0.0,0,27
261.82,4.2,215,27
263.86,0.0,0,27
265.91,0.0,0,27
267.95,0.0,0,27
270.00,3.8,220,27
272.05,0.0,0,27
274.09,0.0,0,27
276.14,3.5,225,27
278.18,0.0,0,27
280.23,0.0,0,27
282.27,0.0,0,27
284.32,0.0,0,27
286.36,0.0,0,27
288.41,0.0,0,27
290.45,0.0,0,27
292.50,0.0,0,27
294.55,0.0,0,27
296.59,0.0,0,27
298.64,0.0,0,27
300.68,2.8,251,27
302.73,0.0,0,27
304.77,0.0,0,27
306.82,0.0,0,27
308.86,66.5,7,27
310.91,66.5,11,27
312.95,0.0,0,27
315.00,66.5,18,27
317.05,0.0,0,27
319.09,0.0,0,27
321.14,21.2,175,27
323.18,19.2,174,27
325.23,0.0,0,27
327.27,0.0,0,27
329.32,0.0,0,27
331.36,0.0,0,27
333.41,0.0,0,27
335.45,4.0,157,27
337.50,0.0,0,27
339.55,0.0,0,27
341.59,0.0,0,27
343.64,0.0,0,27
345.68,0.0,0,27
347.73,0.0,0,27
349.77,0.0,0,27
351.82,0.0,0,27
353.86,0.0,0,27
355.91,0.0,0,27
357.95,0.0,0,27
